corpus,sentence_id,n_switches,mean_span_len,median_span_len,sentence_len,register,topic
Miami,46.0,2,3.0,3.0,12.0,Informal conversation between brother and sister,Narratives_Quotations
Miami,68.0,6,2.0,1.0,8.0,Informal conversation between brother and sister,ProperNouns_NamedEntities
Miami,74.0,2,7.0,7.0,10.0,Informal conversation between brother and sister,Architecture_Design
Miami,126.0,2,1.0,1.0,3.0,Informal conversation between brother and sister,Casual_EverydayTalk
Miami,132.0,4,2.0,2.0,9.0,Informal conversation between brother and sister,Casual_EverydayTalk
Miami,133.0,4,5.5,5.5,15.0,Informal conversation between brother and sister,Narratives_Quotations
Miami,252.0,2,1.0,1.0,6.0,Informal conversation between brother and sister,Casual_EverydayTalk
Miami,254.0,2,1.0,1.0,3.0,Informal conversation between brother and sister,ProperNouns_NamedEntities
Miami,335.0,2,1.0,1.0,3.0,Informal conversation between brother and sister,Casual_EverydayTalk
Miami,336.0,8,2.75,1.0,15.0,Informal conversation between brother and sister,Casual_EverydayTalk
Miami,337.0,4,4.5,4.5,11.0,Informal conversation between brother and sister,Casual_EverydayTalk
Miami,342.0,4,2.0,2.0,9.0,Informal conversation between brother and sister,Narratives_Quotations
Miami,361.0,5,7.5,7.5,16.0,Informal conversation between brother and sister,Narratives_Quotations
Miami,365.0,2,4.0,4.0,11.0,Informal conversation between brother and sister,Narratives_Quotations
Miami,496.0,2,1.0,1.0,8.0,Informal conversation between brother and sister,Narratives_Quotations
Miami,500.0,2,1.0,1.0,3.0,Informal conversation between brother and sister,Casual_EverydayTalk
Miami,667.0,2,8.0,8.0,10.0,MAR is in her office talking to a colleague,Office_Logistics
Miami,681.0,4,5.5,5.5,20.0,MAR is in her office talking to a colleague,Workplace_Technical
Miami,684.0,2,3.0,3.0,8.0,MAR is in her office talking to a colleague,Workplace_Technical
Miami,693.0,2,1.0,1.0,7.0,MAR is in her office talking to a colleague,Workplace_Technical
Miami,702.0,6,4.0,2.0,20.0,MAR is in her office talking to a colleague,Workplace_Technical
Miami,716.0,4,1.5,1.5,11.0,MAR is in her office talking to a colleague,Office_Logistics
Miami,721.0,4,2.0,2.0,7.0,MAR is in her office talking to a colleague,Workplace_Technical
Miami,722.0,4,5.5,5.5,15.0,MAR is in her office talking to a colleague,Office_Logistics
Miami,730.0,2,2.0,2.0,4.0,MAR is in her office talking to a colleague,Narratives_Quotations
Miami,734.0,2,3.0,3.0,10.0,MAR is in her office talking to a colleague,Workplace_Technical
Miami,759.0,2,1.0,1.0,4.0,MAR is in her office talking to a colleague,Workplace_Technical
Miami,787.0,2,3.0,3.0,14.0,Informal conversation between Paola and her grandmother at a friend's house,Casual_EverydayTalk
Miami,789.0,4,8.5,8.5,19.0,Informal conversation between Paola and her grandmother at a friend's house,Casual_EverydayTalk
Miami,794.0,4,1.0,1.0,4.0,Informal conversation between Paola and her grandmother at a friend's house,Casual_EverydayTalk
Miami,807.0,4,2.0,2.0,11.0,Informal conversation between Paola and her grandmother at a friend's house,Education_YouthOrganizations
Miami,815.0,2,4.0,4.0,6.0,Informal conversation between Paola and her grandmother at a friend's house,Casual_EverydayTalk
Miami,818.0,2,4.0,4.0,6.0,Informal conversation between Paola and her grandmother at a friend's house,Casual_EverydayTalk
Miami,823.0,4,3.5,3.5,8.0,Informal conversation between Paola and her grandmother at a friend's house,Casual_EverydayTalk
Miami,824.0,2,19.0,19.0,21.0,Informal conversation between Paola and her grandmother at a friend's house,Casual_EverydayTalk
Miami,826.0,4,5.0,5.0,24.0,Informal conversation between Paola and her grandmother at a friend's house,Education_YouthOrganizations
Miami,830.0,2,10.0,10.0,19.0,Informal conversation between Paola and her grandmother at a friend's house,Narratives_Quotations
Miami,836.0,6,2.3333333333333335,2.0,9.0,Informal conversation between Paola and her grandmother at a friend's house,Casual_EverydayTalk
Miami,916.0,2,1.0,1.0,7.0,Informal conversation between Paola and her grandmother at a friend's house,Casual_EverydayTalk
Miami,925.0,2,2.0,2.0,6.0,Informal conversation between Paola and her grandmother at a friend's house,Casual_EverydayTalk
Miami,941.0,3,13.0,13.0,13.0,Informal conversation between Paola and her grandmother at a friend's house,Education_YouthOrganizations
Miami,946.0,2,17.0,17.0,18.0,Informal conversation between Paola and her grandmother at a friend's house,Casual_EverydayTalk
Miami,958.0,4,1.5,1.5,11.0,Informal conversation between Paola and her grandmother at a friend's house,Casual_EverydayTalk
Miami,961.0,2,1.0,1.0,5.0,Informal conversation between Paola and her grandmother at a friend's house,Casual_EverydayTalk
Miami,975.0,2,2.0,2.0,5.0,Informal conversation between Paola and her grandmother at a friend's house,Casual_EverydayTalk
Miami,978.0,2,1.0,1.0,6.0,Informal conversation between Paola and her grandmother at a friend's house,Casual_EverydayTalk
Miami,980.0,2,2.0,2.0,5.0,Informal conversation between Paola and her grandmother at a friend's house,Casual_EverydayTalk
Miami,995.0,6,4.0,4.0,21.0,Informal conversation between Paola and her grandmother at a friend's house,Casual_EverydayTalk
Miami,1002.0,2,1.0,1.0,3.0,Informal conversation between Paola and her grandmother at a friend's house,Casual_EverydayTalk
Miami,1006.0,4,4.5,4.5,11.0,Informal conversation between Paola and her grandmother at a friend's house,Education_YouthOrganizations
Miami,1008.0,4,2.0,2.0,8.0,Informal conversation between Paola and her grandmother at a friend's house,Casual_EverydayTalk
Miami,1017.0,2,6.0,6.0,8.0,Informal conversation between Paola and her grandmother at a friend's house,Casual_EverydayTalk
Miami,1037.0,2,2.0,2.0,4.0,Informal conversation between Paola and her grandmother at a friend's house,Casual_EverydayTalk
Miami,1045.0,4,2.0,2.0,11.0,Informal conversation between Paola and her grandmother at a friend's house,Education_YouthOrganizations
Miami,1072.0,2,2.0,2.0,7.0,Informal conversation between Paola and her grandmother at a friend's house,Casual_EverydayTalk
Miami,1079.0,4,2.0,2.0,7.0,Informal conversation between Paola and her grandmother at a friend's house,ProperNouns_NamedEntities
Miami,1088.0,2,2.0,2.0,4.0,Informal conversation between Paola and her grandmother at a friend's house,Casual_EverydayTalk
Miami,1089.0,2,9.0,9.0,11.0,Informal conversation between Paola and her grandmother at a friend's house,Narratives_Quotations
Miami,1090.0,2,5.0,5.0,9.0,Informal conversation between Paola and her grandmother at a friend's house,Casual_EverydayTalk
Miami,1126.0,6,1.0,1.0,8.0,Informal conversation between Paola and her grandmother at a friend's house,Casual_EverydayTalk
Miami,1127.0,2,8.0,8.0,12.0,Informal conversation between Paola and her grandmother at a friend's house,Casual_EverydayTalk
Miami,1133.0,4,3.0,3.0,9.0,Informal conversation between Paola and her grandmother at a friend's house,Narratives_Quotations
Miami,1152.0,2,10.0,10.0,18.0,Informal conversation between Paola and her grandmother at a friend's house,Narratives_Quotations
Miami,1174.0,6,1.6666666666666667,2.0,7.0,Informal conversation between Paola and her grandmother at a friend's house,Casual_EverydayTalk
Miami,1177.0,8,1.25,1.0,9.0,Informal conversation between Paola and her grandmother at a friend's house,Casual_EverydayTalk
Miami,1181.0,10,3.0,3.0,17.0,Informal conversation between Paola and her grandmother at a friend's house,Architecture_Design
Miami,1182.0,4,3.0,3.0,14.0,Informal conversation between Paola and her grandmother at a friend's house,Casual_EverydayTalk
Miami,1185.0,6,3.6666666666666665,3.0,13.0,Informal conversation between Paola and her grandmother at a friend's house,Casual_EverydayTalk
Miami,1198.0,4,2.5,2.5,8.0,Informal conversation between Paola and her grandmother at a friend's house,Casual_EverydayTalk
Miami,1199.0,6,2.3333333333333335,1.0,12.0,Informal conversation between Paola and her grandmother at a friend's house,Casual_EverydayTalk
Miami,1217.0,2,4.0,4.0,10.0,Informal conversation between Paola and her grandmother at a friend's house,ProperNouns_NamedEntities
Miami,1219.0,4,2.0,2.0,16.0,Informal conversation between Paola and her grandmother at a friend's house,Casual_EverydayTalk
Miami,1223.0,2,2.0,2.0,4.0,Informal conversation between Paola and her grandmother at a friend's house,ProperNouns_NamedEntities
Miami,1228.0,2,5.0,5.0,8.0,Informal conversation between Paola and her grandmother at a friend's house,Casual_EverydayTalk
Miami,1233.0,6,2.6666666666666665,2.0,10.0,Informal conversation between Paola and her grandmother at a friend's house,ProperNouns_NamedEntities
Miami,1249.0,4,3.0,3.0,8.0,Informal conversation between Paola and her grandmother at a friend's house,Casual_EverydayTalk
Miami,1256.0,14,3.5714285714285716,2.0,29.0,Informal conversation between Paola and her grandmother at a friend's house,Casual_EverydayTalk
Miami,1268.0,2,3.0,3.0,5.0,Informal conversation between Paola and her grandmother at a friend's house,Casual_EverydayTalk
Miami,1272.0,4,1.5,1.5,6.0,Informal conversation between Paola and her grandmother at a friend's house,Casual_EverydayTalk
Miami,1274.0,2,1.0,1.0,6.0,Informal conversation between Paola and her grandmother at a friend's house,Education_YouthOrganizations
Miami,1277.0,2,1.0,1.0,5.0,Informal conversation between Paola and her grandmother at a friend's house,ProperNouns_NamedEntities
Miami,1294.0,3,3.0,3.0,5.0,Informal conversation between Paola and her grandmother at a friend's house,Casual_EverydayTalk
Miami,1317.0,6,1.0,1.0,5.0,Informal conversation between Paola and her grandmother at a friend's house,Casual_EverydayTalk
Miami,1340.0,4,1.5,1.5,11.0,Informal conversation between Paola and her grandmother at a friend's house,Casual_EverydayTalk
Miami,1346.0,4,2.5,2.5,12.0,Informal conversation between Paola and her grandmother at a friend's house,Narratives_Quotations
Miami,1347.0,6,3.0,2.0,15.0,Informal conversation between Paola and her grandmother at a friend's house,Casual_EverydayTalk
Miami,1348.0,4,1.5,1.5,8.0,Informal conversation between Paola and her grandmother at a friend's house,Narratives_Quotations
Miami,1359.0,2,1.0,1.0,4.0,Informal conversation between Paola and her grandmother at a friend's house,Casual_EverydayTalk
Miami,1361.0,6,5.0,1.0,17.0,Informal conversation between Paola and her grandmother at a friend's house,Narratives_Quotations
Miami,1370.0,2,10.0,10.0,12.0,Informal conversation between Paola and her grandmother at a friend's house,Narratives_Quotations
Miami,1380.0,4,3.5,3.5,16.0,Informal conversation between Paola and her grandmother at a friend's house,Narratives_Quotations
Miami,1399.0,6,2.6666666666666665,1.0,14.0,Informal conversation between Paola and her grandmother at a friend's house,Casual_EverydayTalk
Miami,1405.0,4,1.5,1.5,7.0,Informal conversation between Paola and her grandmother at a friend's house,Architecture_Design
Miami,1408.0,8,4.75,4.0,22.0,Informal conversation between Paola and her grandmother at a friend's house,Narratives_Quotations
Miami,1409.0,4,1.5,1.5,7.0,Informal conversation between Paola and her grandmother at a friend's house,Architecture_Design
Miami,1428.0,2,4.0,4.0,6.0,Informal conversation between Paola and her grandmother at a friend's house,Affect_Identity
Miami,1448.0,4,1.5,1.5,5.0,Informal conversation between Paola and her grandmother at a friend's house,Casual_EverydayTalk
Miami,1450.0,4,3.5,3.5,15.0,Informal conversation between Paola and her grandmother at a friend's house,Narratives_Quotations
Miami,1481.0,2,1.0,1.0,3.0,Informal conversation between Paola and her grandmother at a friend's house,Casual_EverydayTalk
Miami,1520.0,4,2.0,2.0,15.0,Informal conversation between Paola and her grandmother at a friend's house,Narratives_Quotations
Miami,1522.0,4,3.0,3.0,12.0,Informal conversation between Paola and her grandmother at a friend's house,Casual_EverydayTalk
Miami,1524.0,4,3.0,3.0,9.0,Informal conversation between Paola and her grandmother at a friend's house,Casual_EverydayTalk
Miami,1526.0,2,1.0,1.0,7.0,Informal conversation between Paola and her grandmother at a friend's house,Casual_EverydayTalk
Miami,1544.0,2,1.0,1.0,5.0,Informal conversation between Paola and her grandmother at a friend's house,Affect_Identity
Miami,1548.0,2,9.0,9.0,12.0,Informal conversation between Paola and her grandmother at a friend's house,Casual_EverydayTalk
Miami,1562.0,4,6.5,6.5,15.0,Informal conversation between Paola and her grandmother at a friend's house,Casual_EverydayTalk
Miami,1577.0,4,3.5,3.5,15.0,Informal conversation between Paola and her grandmother at a friend's house,Casual_EverydayTalk
Miami,1595.0,2,1.0,1.0,7.0,Informal conversation between Paola and her grandmother at a friend's house,Casual_EverydayTalk
Miami,1599.0,2,4.0,4.0,5.0,Informal conversation between Paola and her grandmother at a friend's house,Casual_EverydayTalk
Miami,1602.0,2,7.0,7.0,9.0,Informal conversation between Paola and her grandmother at a friend's house,Casual_EverydayTalk
Miami,1603.0,2,5.0,5.0,7.0,Informal conversation between Paola and her grandmother at a friend's house,Casual_EverydayTalk
Miami,1611.0,4,3.5,3.5,11.0,Informal conversation between Paola and her grandmother at a friend's house,Casual_EverydayTalk
Miami,1622.0,2,1.0,1.0,4.0,Informal conversation between Paola and her grandmother at a friend's house,Casual_EverydayTalk
Miami,1630.0,4,2.0,2.0,10.0,Informal conversation between Paola and her grandmother at a friend's house,Narratives_Quotations
Miami,1631.0,4,3.5,3.5,10.0,Informal conversation between Paola and her grandmother at a friend's house,Casual_EverydayTalk
Miami,1635.0,2,3.0,3.0,7.0,Informal conversation between Paola and her grandmother at a friend's house,ProperNouns_NamedEntities
Miami,1642.0,4,1.0,1.0,8.0,Informal conversation between Paola and her grandmother at a friend's house,Narratives_Quotations
Miami,1648.0,8,3.5,1.0,18.0,Informal conversation between Paola and her grandmother at a friend's house,Casual_EverydayTalk
Miami,1652.0,6,3.0,1.0,22.0,Informal conversation between Paola and her grandmother at a friend's house,Narratives_Quotations
Miami,1669.0,10,4.4,4.0,24.0,Informal conversation between Paola and her grandmother at a friend's house,Narratives_Quotations
Miami,1687.0,4,1.5,1.5,6.0,Informal conversation between Paola and her grandmother at a friend's house,ProperNouns_NamedEntities
Miami,1708.0,6,1.6666666666666667,1.0,7.0,Informal conversation between Paola and her grandmother at a friend's house,ProperNouns_NamedEntities
Miami,1709.0,2,7.0,7.0,9.0,Informal conversation between Paola and her grandmother at a friend's house,ProperNouns_NamedEntities
Miami,1722.0,2,1.0,1.0,12.0,Informal conversation between Paola and her grandmother at a friend's house,ProperNouns_NamedEntities
Miami,1754.0,4,4.0,4.0,11.0,Informal conversation between Paola and her grandmother at a friend's house,Casual_EverydayTalk
Miami,1756.0,2,3.0,3.0,6.0,Informal conversation between Paola and her grandmother at a friend's house,Casual_EverydayTalk
Miami,1762.0,10,2.6,3.0,15.0,Informal conversation between Paola and her grandmother at a friend's house,Casual_EverydayTalk
Miami,1775.0,2,11.0,11.0,13.0,Informal conversation between Paola and her grandmother at a friend's house,Casual_EverydayTalk
Miami,1779.0,4,6.5,6.5,15.0,Informal conversation between Paola and her grandmother at a friend's house,Narratives_Quotations
Miami,1781.0,4,3.0,3.0,13.0,Informal conversation between Paola and her grandmother at a friend's house,Narratives_Quotations
Miami,1784.0,4,4.5,4.5,12.0,Informal conversation between Paola and her grandmother at a friend's house,Narratives_Quotations
Miami,1786.0,2,4.0,4.0,6.0,Informal conversation between Paola and her grandmother at a friend's house,Education_YouthOrganizations
Miami,1868.0,2,2.0,2.0,7.0,"MAR is in a house with some of her relatives, at a family reunion.",Casual_EverydayTalk
Miami,1888.0,2,1.0,1.0,3.0,"MAR is in a house with some of her relatives, at a family reunion.",Casual_EverydayTalk
Miami,1951.0,2,1.0,1.0,10.0,"MAR is in a house with some of her relatives, at a family reunion.",Office_Logistics
Miami,1954.0,2,2.0,2.0,14.0,"MAR is in a house with some of her relatives, at a family reunion.",Narratives_Quotations
Miami,1955.0,12,2.8333333333333335,3.0,19.0,"MAR is in a house with some of her relatives, at a family reunion.",ProperNouns_NamedEntities
Miami,1959.0,2,1.0,1.0,5.0,"MAR is in a house with some of her relatives, at a family reunion.",Narratives_Quotations
Miami,1984.0,4,8.5,8.5,29.0,"MAR is in a house with some of her relatives, at a family reunion.",Narratives_Quotations
Miami,1994.0,2,5.0,5.0,13.0,"MAR is in a house with some of her relatives, at a family reunion.",Casual_EverydayTalk
Miami,2000.0,2,1.0,1.0,5.0,"MAR is in a house with some of her relatives, at a family reunion.",Casual_EverydayTalk
Miami,2006.0,4,5.5,5.5,16.0,"MAR is in a house with some of her relatives, at a family reunion.",Casual_EverydayTalk
Miami,2009.0,2,6.0,6.0,9.0,"MAR is in a house with some of her relatives, at a family reunion.",Casual_EverydayTalk
Miami,2013.0,4,2.0,2.0,6.0,"MAR is in a house with some of her relatives, at a family reunion.",Casual_EverydayTalk
Miami,2050.0,2,3.0,3.0,5.0,"MAR is in a house with some of her relatives, at a family reunion.",Casual_EverydayTalk
Miami,2054.0,3,3.0,3.0,4.0,"MAR is in a house with some of her relatives, at a family reunion.",Casual_EverydayTalk
Miami,2059.0,2,5.0,5.0,10.0,"MAR is in a house with some of her relatives, at a family reunion.",Casual_EverydayTalk
Miami,2077.0,4,1.5,1.5,8.0,"MAR is in a house with some of her relatives, at a family reunion.",Casual_EverydayTalk
Miami,2080.0,4,1.0,1.0,6.0,"MAR is in a house with some of her relatives, at a family reunion.",Casual_EverydayTalk
Miami,2120.0,2,6.0,6.0,8.0,"MAR is in a house with some of her relatives, at a family reunion.",Casual_EverydayTalk
Miami,2149.0,2,2.0,2.0,9.0,"MAR is in a house with some of her relatives, at a family reunion.",Workplace_Technical
Miami,2180.0,2,1.0,1.0,6.0,"MAR is in a house with some of her relatives, at a family reunion.",Casual_EverydayTalk
Miami,2202.0,2,4.0,4.0,6.0,"MAR is in a house with some of her relatives, at a family reunion.",Casual_EverydayTalk
Miami,2214.0,4,1.5,1.5,5.0,"MAR is in a house with some of her relatives, at a family reunion.",Casual_EverydayTalk
Miami,2226.0,4,4.0,4.0,11.0,"MAR is in a house with some of her relatives, at a family reunion.",Casual_EverydayTalk
Miami,2265.0,4,1.0,1.0,12.0,"MAR is in a house with some of her relatives, at a family reunion.",Casual_EverydayTalk
Miami,2297.0,2,2.0,2.0,16.0,"MAR is in a house with some of her relatives, at a family reunion.",Workplace_Technical
Miami,2300.0,2,8.0,8.0,11.0,"MAR is in a house with some of her relatives, at a family reunion.",Casual_EverydayTalk
Miami,2308.0,2,5.0,5.0,7.0,"MAR is in a house with some of her relatives, at a family reunion.",Casual_EverydayTalk
Miami,2368.0,2,2.0,2.0,4.0,"MAR is in a house with some of her relatives, at a family reunion.",Casual_EverydayTalk
Miami,2372.0,2,4.0,4.0,7.0,"MAR is in a house with some of her relatives, at a family reunion.",Narratives_Quotations
Miami,2382.0,2,2.0,2.0,5.0,"MAR is in a house with some of her relatives, at a family reunion.",Casual_EverydayTalk
Miami,2400.0,2,1.0,1.0,11.0,"MAR is in a house with some of her relatives, at a family reunion.",Casual_EverydayTalk
Miami,2402.0,2,2.0,2.0,7.0,"MAR is in a house with some of her relatives, at a family reunion.",Casual_EverydayTalk
Miami,2414.0,6,2.0,1.0,8.0,"MAR is in a house with some of her relatives, at a family reunion.",ProperNouns_NamedEntities
Miami,2449.0,2,1.0,1.0,9.0,"MAR is in a house with some of her relatives, at a family reunion.",Casual_EverydayTalk
Miami,2451.0,2,1.0,1.0,12.0,"MAR is in a house with some of her relatives, at a family reunion.",Casual_EverydayTalk
Miami,2541.0,2,2.0,2.0,9.0,"MAR is in a house with some of her relatives, at a family reunion.",Narratives_Quotations
Miami,2576.0,2,1.0,1.0,4.0,"MAR is in a house with some of her relatives, at a family reunion.",Casual_EverydayTalk
Miami,2606.0,2,3.0,3.0,8.0,"MAR is in a house with some of her relatives, at a family reunion.",Narratives_Quotations
Miami,2666.0,2,2.0,2.0,5.0,"MAR is in a house with some of her relatives, at a family reunion.",Casual_EverydayTalk
Miami,2680.0,4,2.5,2.5,7.0,"MAR is in a house with some of her relatives, at a family reunion.",Casual_EverydayTalk
Miami,2682.0,12,1.8333333333333333,1.0,18.0,"MAR is in a house with some of her relatives, at a family reunion.",Casual_EverydayTalk
Miami,2683.0,10,3.0,1.0,34.0,"MAR is in a house with some of her relatives, at a family reunion.",Narratives_Quotations
Miami,2685.0,4,4.5,4.5,13.0,"MAR is in a house with some of her relatives, at a family reunion.",Casual_EverydayTalk
Miami,2834.0,4,5.5,5.5,16.0,"MAR is in a house with some of her relatives, at a family reunion.",Casual_EverydayTalk
Miami,2837.0,4,2.5,2.5,8.0,"MAR is in a house with some of her relatives, at a family reunion.",Casual_EverydayTalk
Miami,2845.0,4,6.5,6.5,17.0,"MAR is in a house with some of her relatives, at a family reunion.",Casual_EverydayTalk
Miami,2849.0,8,5.5,3.0,29.0,"MAR is in a house with some of her relatives, at a family reunion.",Workplace_Technical
Miami,2872.0,6,1.0,1.0,5.0,"MAR is in a house with some of her relatives, at a family reunion.",Casual_EverydayTalk
Miami,2881.0,2,4.0,4.0,6.0,"MAR is in a house with some of her relatives, at a family reunion.",Casual_EverydayTalk
Miami,2900.0,4,2.0,2.0,6.0,"MAR is in a house with some of her relatives, at a family reunion.",Casual_EverydayTalk
Miami,2919.0,2,4.0,4.0,6.0,"MAR is in a house with some of her relatives, at a family reunion.",Casual_EverydayTalk
Miami,2966.0,2,11.0,11.0,14.0,"MAR is in a house with some of her relatives, at a family reunion.",Casual_EverydayTalk
Miami,2985.0,2,2.0,2.0,19.0,"MAR is in a house with some of her relatives, at a family reunion.",Casual_EverydayTalk
Miami,2989.0,2,6.0,6.0,8.0,"MAR is in a house with some of her relatives, at a family reunion.",Casual_EverydayTalk
Miami,2990.0,2,1.0,1.0,3.0,"MAR is in a house with some of her relatives, at a family reunion.",Affect_Identity
Miami,3026.0,2,1.0,1.0,4.0,"MAR is in a house with some of her relatives, at a family reunion.",Casual_EverydayTalk
Miami,3036.0,2,1.0,1.0,5.0,"MAR is in a house with some of her relatives, at a family reunion.",Casual_EverydayTalk
Miami,3052.0,6,3.0,3.0,11.0,"MAR is in a house with some of her relatives, at a family reunion.",Casual_EverydayTalk
Miami,3068.0,2,3.0,3.0,5.0,"MAR is in a house with some of her relatives, at a family reunion.",Affect_Identity
Miami,3094.0,2,1.0,1.0,4.0,"MAR is in a house with some of her relatives, at a family reunion.",Casual_EverydayTalk
Miami,3141.0,4,2.0,2.0,7.0,"MAR is in a house with some of her relatives, at a family reunion.",Casual_EverydayTalk
Miami,3143.0,2,1.0,1.0,5.0,"MAR is in a house with some of her relatives, at a family reunion.",Casual_EverydayTalk
Miami,3149.0,2,4.0,4.0,18.0,"MAR is in a house with some of her relatives, at a family reunion.",Narratives_Quotations
Miami,3154.0,4,1.0,1.0,5.0,"MAR is in a house with some of her relatives, at a family reunion.",Casual_EverydayTalk
Miami,3157.0,2,2.0,2.0,7.0,"MAR is in a house with some of her relatives, at a family reunion.",Narratives_Quotations
Miami,3188.0,2,1.0,1.0,10.0,"MAR is in a house with some of her relatives, at a family reunion.",Casual_EverydayTalk
Miami,3194.0,2,1.0,1.0,8.0,"MAR is in a house with some of her relatives, at a family reunion.",Casual_EverydayTalk
Miami,3250.0,4,1.0,1.0,4.0,"MAR is in a house with some of her relatives, at a family reunion.",Casual_EverydayTalk
Miami,3301.0,2,3.0,3.0,10.0,"MAR is in a house with some of her relatives, at a family reunion.",Casual_EverydayTalk
Miami,3333.0,4,2.0,2.0,7.0,"MAR is in a house with some of her relatives, at a family reunion.",Casual_EverydayTalk
Miami,3349.0,2,4.0,4.0,6.0,"MAR is in a house with some of her relatives, at a family reunion.",Casual_EverydayTalk
Miami,3355.0,2,1.0,1.0,7.0,"MAR is in a house with some of her relatives, at a family reunion.",Casual_EverydayTalk
Miami,3357.0,2,4.0,4.0,5.0,"MAR is in a house with some of her relatives, at a family reunion.",Casual_EverydayTalk
Miami,3359.0,2,1.0,1.0,4.0,"MAR is in a house with some of her relatives, at a family reunion.",Casual_EverydayTalk
Miami,3374.0,6,1.0,1.0,5.0,"MAR is in a house with some of her relatives, at a family reunion.",Casual_EverydayTalk
Miami,3380.0,4,1.0,1.0,4.0,"MAR is in a house with some of her relatives, at a family reunion.",Casual_EverydayTalk
Miami,3411.0,2,1.0,1.0,6.0,"MAR is in a house with some of her relatives, at a family reunion.",Casual_EverydayTalk
Miami,3427.0,2,1.0,1.0,4.0,"MAR is in a house with some of her relatives, at a family reunion.",Casual_EverydayTalk
Miami,3429.0,2,1.0,1.0,4.0,"MAR is in a house with some of her relatives, at a family reunion.",Casual_EverydayTalk
Miami,3439.0,2,3.0,3.0,5.0,"MAR is in a house with some of her relatives, at a family reunion.",Casual_EverydayTalk
Miami,3480.0,2,1.0,1.0,5.0,"MAR is in a house with some of her relatives, at a family reunion.",Casual_EverydayTalk
Miami,3562.0,2,2.0,2.0,8.0,"MAR is in a house with some of her relatives, at a family reunion.",Casual_EverydayTalk
Miami,3639.0,2,1.0,1.0,3.0,"MAR is in a house with some of her relatives, at a family reunion.",Casual_EverydayTalk
Miami,3671.0,2,1.0,1.0,6.0,"MAR is in a house with some of her relatives, at a family reunion.",Casual_EverydayTalk
Miami,3685.0,2,1.0,1.0,7.0,"MAR is in a house with some of her relatives, at a family reunion.",Casual_EverydayTalk
Miami,3709.0,2,4.0,4.0,6.0,"MAR is in a house with some of her relatives, at a family reunion.",Casual_EverydayTalk
Miami,3749.0,2,1.0,1.0,4.0,"MAR is in a house with some of her relatives, at a family reunion.",ProperNouns_NamedEntities
Miami,3758.0,2,2.0,2.0,4.0,"MAR is in a house with some of her relatives, at a family reunion.",Casual_EverydayTalk
Miami,3772.0,2,1.0,1.0,6.0,"MAR is in a house with some of her relatives, at a family reunion.",Casual_EverydayTalk
Miami,3774.0,4,3.5,3.5,14.0,"MAR is in a house with some of her relatives, at a family reunion.",Casual_EverydayTalk
Miami,3776.0,2,3.0,3.0,5.0,"MAR is in a house with some of her relatives, at a family reunion.",Affect_Identity
Miami,3779.0,2,1.0,1.0,6.0,"MAR is in a house with some of her relatives, at a family reunion.",Affect_Identity
Miami,3803.0,2,1.0,1.0,4.0,"MAR is in a house with some of her relatives, at a family reunion.",Casual_EverydayTalk
Miami,3818.0,2,1.0,1.0,5.0,"MAR is in a house with some of her relatives, at a family reunion.",Casual_EverydayTalk
Miami,3836.0,2,1.0,1.0,4.0,"MAR is in a house with some of her relatives, at a family reunion.",Casual_EverydayTalk
Miami,4002.0,2,1.0,1.0,10.0,"MAR is in a house with some of her relatives, at a family reunion.",Casual_EverydayTalk
Miami,4008.0,2,6.0,6.0,8.0,"MAR is in a house with some of her relatives, at a family reunion.",Affect_Identity
Miami,4053.0,4,1.5,1.5,8.0,"MAR is in a house with some of her relatives, at a family reunion.",Casual_EverydayTalk
Miami,4062.0,2,1.0,1.0,6.0,"MAR is in a house with some of her relatives, at a family reunion.",Casual_EverydayTalk
Miami,4111.0,2,2.0,2.0,5.0,"MAR is in a house with some of her relatives, at a family reunion.",Casual_EverydayTalk
Miami,4157.0,4,2.0,2.0,7.0,"MAR is in a house with some of her relatives, at a family reunion.",Casual_EverydayTalk
Miami,4186.0,2,1.0,1.0,8.0,"MAR is in a house with some of her relatives, at a family reunion.",Casual_EverydayTalk
Miami,4237.0,2,1.0,1.0,11.0,"MAR is in a house with some of her relatives, at a family reunion.",Casual_EverydayTalk
Miami,4304.0,2,3.0,3.0,5.0,MAR is in her office talking to colleague.,Casual_EverydayTalk
Miami,4315.0,2,2.0,2.0,5.0,MAR is in her office talking to colleague.,ProperNouns_NamedEntities
Miami,4317.0,2,1.0,1.0,4.0,MAR is in her office talking to colleague.,Office_Logistics
Miami,4321.0,2,1.0,1.0,8.0,MAR is in her office talking to colleague.,Office_Logistics
Miami,4322.0,2,6.0,6.0,8.0,MAR is in her office talking to colleague.,Casual_EverydayTalk
Miami,4401.0,2,7.0,7.0,17.0,MAR is in her office talking to colleague.,Narratives_Quotations
Miami,4432.0,2,2.0,2.0,13.0,MAR is in her office talking to colleague.,Office_Logistics
Miami,4552.0,2,4.0,4.0,11.0,MAR is in her office talking to colleague.,Narratives_Quotations
Miami,4766.0,4,2.5,2.5,10.0,MAR is in her office talking to colleague.,Office_Logistics
Miami,4785.0,2,3.0,3.0,7.0,MAR is in her office talking to colleague.,Casual_EverydayTalk
Miami,4798.0,2,5.0,5.0,7.0,MAR is in her office talking to colleague.,Office_Logistics
Miami,4800.0,2,3.0,3.0,8.0,MAR is in her office talking to colleague.,Casual_EverydayTalk
Miami,4843.0,2,1.0,1.0,4.0,MAR is in her office talking to colleague.,Casual_EverydayTalk
Miami,4849.0,2,1.0,1.0,5.0,MAR is in her office talking to colleague.,Casual_EverydayTalk
Miami,4884.0,2,3.0,3.0,6.0,MAR is in her office talking to colleague.,Office_Logistics
Miami,4886.0,4,2.5,2.5,7.0,MAR is in her office talking to colleague.,ProperNouns_NamedEntities
Miami,4888.0,8,1.75,1.5,10.0,MAR is in her office talking to colleague.,Casual_EverydayTalk
Miami,4893.0,2,4.0,4.0,7.0,MAR is in her office talking to colleague.,Workplace_Technical
Miami,4895.0,2,4.0,4.0,13.0,MAR is in her office talking to colleague.,Casual_EverydayTalk
Miami,4903.0,2,5.0,5.0,8.0,MAR is in her office talking to colleague.,Narratives_Quotations
Miami,4915.0,2,7.0,7.0,11.0,MAR is in her office talking to colleague.,Casual_EverydayTalk
Miami,4917.0,2,2.0,2.0,12.0,MAR is in her office talking to colleague.,Office_Logistics
Miami,4930.0,4,1.5,1.5,5.0,MAR is in her office talking to colleague.,Casual_EverydayTalk
Miami,4932.0,2,3.0,3.0,5.0,MAR is in her office talking to colleague.,Office_Logistics
Miami,4937.0,2,4.0,4.0,7.0,MAR is in her office talking to colleague.,Casual_EverydayTalk
Miami,4949.0,5,1.5,1.5,4.0,MAR is in her office talking to colleague.,Casual_EverydayTalk
Miami,4950.0,4,2.5,2.5,8.0,MAR is in her office talking to colleague.,Casual_EverydayTalk
Miami,4988.0,2,4.0,4.0,6.0,MAR is in her office talking to colleague.,Office_Logistics
Miami,4990.0,2,3.0,3.0,5.0,MAR is in her office talking to colleague.,Narratives_Quotations
Miami,4991.0,2,4.0,4.0,6.0,MAR is in her office talking to colleague.,Affect_Identity
Miami,5010.0,2,2.0,2.0,4.0,MAR is in her office talking to colleague.,Narratives_Quotations
Miami,5155.0,2,2.0,2.0,7.0,MAR is in her office talking to colleague.,Workplace_Technical
Miami,5160.0,2,4.0,4.0,11.0,MAR is in her office talking to colleague.,Office_Logistics
Miami,5165.0,6,3.3333333333333335,1.0,12.0,MAR is in her office talking to colleague.,Narratives_Quotations
Miami,5202.0,2,4.0,4.0,6.0,MAR is in her office talking to colleague.,Office_Logistics
Miami,5210.0,2,1.0,1.0,5.0,MAR is in her office talking to colleague.,Office_Logistics
Miami,5213.0,2,2.0,2.0,4.0,MAR is in her office talking to colleague.,Workplace_Technical
Miami,5217.0,2,6.0,6.0,15.0,Informal conversation between two co-workers at their workplace,Casual_EverydayTalk
Miami,5231.0,4,8.0,8.0,20.0,Informal conversation between two co-workers at their workplace,Casual_EverydayTalk
Miami,5251.0,2,15.0,15.0,18.0,Informal conversation between two co-workers at their workplace,Casual_EverydayTalk
Miami,5274.0,2,7.0,7.0,11.0,Informal conversation between two co-workers at their workplace,Office_Logistics
Miami,5276.0,6,3.0,1.0,15.0,Informal conversation between two co-workers at their workplace,ProperNouns_NamedEntities
Miami,5280.0,6,3.3333333333333335,1.0,12.0,Informal conversation between two co-workers at their workplace,Narratives_Quotations
Miami,5282.0,4,1.0,1.0,8.0,Informal conversation between two co-workers at their workplace,Narratives_Quotations
Miami,5288.0,2,3.0,3.0,6.0,Informal conversation between two co-workers at their workplace,Narratives_Quotations
Miami,5291.0,2,4.0,4.0,10.0,Informal conversation between two co-workers at their workplace,Narratives_Quotations
Miami,5296.0,2,2.0,2.0,5.0,Informal conversation between two co-workers at their workplace,Casual_EverydayTalk
Miami,5298.0,2,8.0,8.0,10.0,Informal conversation between two co-workers at their workplace,Casual_EverydayTalk
Miami,5299.0,4,4.5,4.5,13.0,Informal conversation between two co-workers at their workplace,Narratives_Quotations
Miami,5304.0,2,3.0,3.0,12.0,Informal conversation between two co-workers at their workplace,Casual_EverydayTalk
Miami,5310.0,2,4.0,4.0,10.0,Informal conversation between two co-workers at their workplace,Casual_EverydayTalk
Miami,5313.0,2,5.0,5.0,6.0,Informal conversation between two co-workers at their workplace,Casual_EverydayTalk
Miami,5316.0,4,6.0,6.0,20.0,Informal conversation between two co-workers at their workplace,Casual_EverydayTalk
Miami,5320.0,2,4.0,4.0,11.0,Informal conversation between two co-workers at their workplace,Casual_EverydayTalk
Miami,5322.0,4,1.5,1.5,6.0,Informal conversation between two co-workers at their workplace,Casual_EverydayTalk
Miami,5328.0,2,2.0,2.0,8.0,Informal conversation between two co-workers at their workplace,Casual_EverydayTalk
Miami,5335.0,2,2.0,2.0,4.0,Informal conversation between two co-workers at their workplace,Affect_Identity
Miami,5343.0,2,7.0,7.0,9.0,Informal conversation between two co-workers at their workplace,Casual_EverydayTalk
Miami,5365.0,10,3.8,1.0,23.0,Informal conversation between two co-workers at their workplace,Casual_EverydayTalk
Miami,5367.0,2,2.0,2.0,17.0,Informal conversation between two co-workers at their workplace,Casual_EverydayTalk
Miami,5371.0,3,7.0,7.0,8.0,Informal conversation between two co-workers at their workplace,Casual_EverydayTalk
Miami,5405.0,4,3.0,3.0,15.0,Informal conversation between two co-workers at their workplace,Narratives_Quotations
Miami,5415.0,4,1.5,1.5,6.0,Informal conversation between two co-workers at their workplace,ProperNouns_NamedEntities
Miami,5417.0,2,3.0,3.0,10.0,Informal conversation between two co-workers at their workplace,Narratives_Quotations
Miami,5421.0,2,7.0,7.0,11.0,Informal conversation between two co-workers at their workplace,Workplace_Technical
Miami,5432.0,6,2.0,2.0,8.0,Informal conversation between two co-workers at their workplace,ProperNouns_NamedEntities
Miami,5433.0,4,3.0,3.0,9.0,Informal conversation between two co-workers at their workplace,Casual_EverydayTalk
Miami,5439.0,2,2.0,2.0,4.0,Informal conversation between two co-workers at their workplace,Casual_EverydayTalk
Miami,5448.0,2,6.0,6.0,11.0,Informal conversation between two co-workers at their workplace,Casual_EverydayTalk
Miami,5480.0,2,7.0,7.0,10.0,Informal conversation between two co-workers at their workplace,Narratives_Quotations
Miami,5497.0,2,1.0,1.0,3.0,Informal conversation between two co-workers at their workplace,Office_Logistics
Miami,5502.0,2,2.0,2.0,5.0,Informal conversation between two co-workers at their workplace,Casual_EverydayTalk
Miami,5539.0,2,2.0,2.0,6.0,Informal conversation between two co-workers at their workplace,Casual_EverydayTalk
Miami,5547.0,2,2.0,2.0,5.0,Informal conversation between two co-workers at their workplace,Workplace_Technical
Miami,5562.0,2,4.0,4.0,6.0,Informal conversation between two co-workers at their workplace,Narratives_Quotations
Miami,5575.0,4,3.0,3.0,9.0,Informal conversation between two co-workers at their workplace,Casual_EverydayTalk
Miami,5664.0,2,2.0,2.0,5.0,Informal conversation between two co-workers at their workplace,Workplace_Technical
Miami,5668.0,2,1.0,1.0,7.0,Informal conversation between two co-workers at their workplace,Workplace_Technical
Miami,5673.0,2,3.0,3.0,6.0,Informal conversation between two co-workers at their workplace,Casual_EverydayTalk
Miami,5674.0,2,2.0,2.0,5.0,Informal conversation between two co-workers at their workplace,Casual_EverydayTalk
Miami,5689.0,2,1.0,1.0,4.0,Informal conversation between two co-workers at their workplace,ProperNouns_NamedEntities
Miami,5691.0,8,2.25,1.5,12.0,Informal conversation between two co-workers at their workplace,Casual_EverydayTalk
Miami,5692.0,4,1.5,1.5,7.0,Informal conversation between two co-workers at their workplace,Workplace_Technical
Miami,5699.0,4,1.5,1.5,12.0,Informal conversation between two co-workers at their workplace,Workplace_Technical
Miami,5715.0,2,10.0,10.0,12.0,Informal conversation between two co-workers at their workplace,Casual_EverydayTalk
Miami,5718.0,2,1.0,1.0,5.0,Informal conversation between two co-workers at their workplace,Office_Logistics
Miami,5733.0,2,1.0,1.0,5.0,Informal conversation between two co-workers at their workplace,Casual_EverydayTalk
Miami,5759.0,2,5.0,5.0,7.0,Informal conversation between two co-workers at their workplace,Casual_EverydayTalk
Miami,5791.0,2,1.0,1.0,3.0,Informal conversation between two co-workers at their workplace,Workplace_Technical
Miami,5795.0,2,2.0,2.0,4.0,Informal conversation between two co-workers at their workplace,Workplace_Technical
Miami,5797.0,4,2.5,2.5,11.0,Informal conversation between two co-workers at their workplace,Workplace_Technical
Miami,5799.0,2,9.0,9.0,10.0,Informal conversation between two co-workers at their workplace,Casual_EverydayTalk
Miami,5816.0,2,2.0,2.0,14.0,Informal conversation between two co-workers at their workplace,Casual_EverydayTalk
Miami,5818.0,2,2.0,2.0,7.0,Informal conversation between two co-workers at their workplace,Office_Logistics
Miami,5826.0,2,6.0,6.0,8.0,Informal conversation between two co-workers at their workplace,Casual_EverydayTalk
Miami,5836.0,2,1.0,1.0,3.0,Informal conversation between two co-workers at their workplace,Workplace_Technical
Miami,5846.0,2,1.0,1.0,5.0,Informal conversation between two co-workers at their workplace,Casual_EverydayTalk
Miami,5871.0,4,2.0,2.0,6.0,Informal conversation between two co-workers at their workplace,Office_Logistics
Miami,5899.0,2,4.0,4.0,5.0,Informal conversation between two co-workers at their workplace,Casual_EverydayTalk
Miami,5909.0,2,8.0,8.0,10.0,Informal conversation between two co-workers at their workplace,Casual_EverydayTalk
Miami,5920.0,2,8.0,8.0,11.0,Informal conversation between two co-workers at their workplace,Casual_EverydayTalk
Miami,5922.0,6,2.6666666666666665,1.0,18.0,Informal conversation between two co-workers at their workplace,Casual_EverydayTalk
Miami,5925.0,2,18.0,18.0,19.0,Informal conversation between two co-workers at their workplace,Casual_EverydayTalk
Miami,5933.0,2,2.0,2.0,4.0,Informal conversation between two co-workers at their workplace,Casual_EverydayTalk
Miami,5941.0,2,1.0,1.0,8.0,Informal conversation between two co-workers at their workplace,Casual_EverydayTalk
Miami,5965.0,2,4.0,4.0,6.0,Informal conversation between two co-workers at their workplace,Casual_EverydayTalk
Miami,5998.0,2,2.0,2.0,4.0,Informal conversation between two co-workers at their workplace,Casual_EverydayTalk
Miami,5999.0,2,2.0,2.0,4.0,Informal conversation between two co-workers at their workplace,Workplace_Technical
Miami,6003.0,2,2.0,2.0,4.0,Informal conversation between two co-workers at their workplace,Casual_EverydayTalk
Miami,6009.0,4,3.5,3.5,11.0,Informal conversation between two co-workers at their workplace,Workplace_Technical
Miami,6019.0,2,2.0,2.0,5.0,Informal conversation between two co-workers at their workplace,Workplace_Technical
Miami,6037.0,2,1.0,1.0,10.0,Informal conversation between two co-workers at their workplace,Workplace_Technical
Miami,6129.0,4,1.0,1.0,5.0,MAR is in her office talking to colleague.,Office_Logistics
Miami,6132.0,4,3.0,3.0,10.0,MAR is in her office talking to colleague.,Office_Logistics
Miami,6135.0,4,5.0,5.0,12.0,MAR is in her office talking to colleague.,Office_Logistics
Miami,6350.0,2,1.0,1.0,4.0,MAR is in her office talking to colleague.,Office_Logistics
Miami,6626.0,2,1.0,1.0,4.0,MAR is in her office talking to colleague.,Affect_Identity
Miami,6907.0,4,2.5,2.5,9.0,Conversation between coworkers,Casual_EverydayTalk
Miami,6919.0,4,4.0,4.0,13.0,Conversation between coworkers,Office_Logistics
Miami,6928.0,2,1.0,1.0,3.0,Conversation between coworkers,Casual_EverydayTalk
Miami,6931.0,6,4.0,4.0,17.0,Conversation between coworkers,Narratives_Quotations
Miami,6934.0,8,2.75,3.0,14.0,Conversation between coworkers,Office_Logistics
Miami,6935.0,2,3.0,3.0,6.0,Conversation between coworkers,Casual_EverydayTalk
Miami,6939.0,6,1.6666666666666667,2.0,18.0,Conversation between coworkers,Office_Logistics
Miami,6946.0,2,2.0,2.0,9.0,Conversation between coworkers,Narratives_Quotations
Miami,6952.0,2,7.0,7.0,9.0,Conversation between coworkers,Casual_EverydayTalk
Miami,6954.0,2,2.0,2.0,11.0,Conversation between coworkers,Workplace_Technical
Miami,6956.0,2,1.0,1.0,9.0,Conversation between coworkers,Office_Logistics
Miami,6962.0,2,7.0,7.0,9.0,Conversation between coworkers,Office_Logistics
Miami,6966.0,2,1.0,1.0,13.0,Conversation between coworkers,Office_Logistics
Miami,6972.0,2,6.0,6.0,10.0,Conversation between coworkers,Casual_EverydayTalk
Miami,6979.0,4,2.0,2.0,11.0,Conversation between coworkers,Casual_EverydayTalk
Miami,6982.0,2,4.0,4.0,15.0,Conversation between coworkers,Office_Logistics
Miami,6987.0,12,3.5,3.5,23.0,Conversation between coworkers,Workplace_Technical
Miami,6989.0,2,2.0,2.0,7.0,Conversation between coworkers,Casual_EverydayTalk
Miami,6992.0,2,9.0,9.0,13.0,Conversation between coworkers,Casual_EverydayTalk
Miami,7002.0,4,4.5,4.5,11.0,Conversation between coworkers,Workplace_Technical
Miami,7004.0,4,2.0,2.0,6.0,Conversation between coworkers,Office_Logistics
Miami,7015.0,2,3.0,3.0,13.0,Conversation between coworkers,Workplace_Technical
Miami,7023.0,2,3.0,3.0,7.0,Conversation between coworkers,Casual_EverydayTalk
Miami,7027.0,2,8.0,8.0,10.0,Conversation between coworkers,Office_Logistics
Miami,7038.0,2,8.0,8.0,10.0,Conversation between coworkers,Office_Logistics
Miami,7077.0,2,7.0,7.0,9.0,Conversation between coworkers,ProperNouns_NamedEntities
Miami,7092.0,2,2.0,2.0,5.0,Conversation between coworkers,Casual_EverydayTalk
Miami,7095.0,2,1.0,1.0,4.0,Conversation between coworkers,Casual_EverydayTalk
Miami,7096.0,2,4.0,4.0,6.0,Conversation between coworkers,Workplace_Technical
Miami,7146.0,2,2.0,2.0,4.0,Conversation between coworkers,Casual_EverydayTalk
Miami,7161.0,2,6.0,6.0,8.0,Conversation between coworkers,Workplace_Technical
Miami,7167.0,4,1.5,1.5,16.0,Conversation between coworkers,Casual_EverydayTalk
Miami,7176.0,2,2.0,2.0,13.0,Conversation between coworkers,Casual_EverydayTalk
Miami,7197.0,3,4.0,4.0,5.0,Conversation between coworkers,Casual_EverydayTalk
Miami,7225.0,2,8.0,8.0,16.0,Conversation between coworkers,Casual_EverydayTalk
Miami,7230.0,4,2.0,2.0,6.0,Conversation between coworkers,Narratives_Quotations
Miami,7233.0,2,4.0,4.0,10.0,Conversation between coworkers,Narratives_Quotations
Miami,7244.0,4,3.5,3.5,9.0,Conversation between coworkers,Casual_EverydayTalk
Miami,7245.0,5,7.0,7.0,15.0,Conversation between coworkers,Casual_EverydayTalk
Miami,7248.0,2,7.0,7.0,9.0,Conversation between coworkers,Casual_EverydayTalk
Miami,7249.0,4,7.0,7.0,19.0,Conversation between coworkers,Casual_EverydayTalk
Miami,7250.0,2,8.0,8.0,21.0,Conversation between coworkers,Casual_EverydayTalk
Miami,7251.0,8,3.0,2.5,16.0,Conversation between coworkers,Office_Logistics
Miami,7263.0,2,2.0,2.0,9.0,Conversation between coworkers,Casual_EverydayTalk
Miami,7300.0,2,5.0,5.0,6.0,Conversation between coworkers,Casual_EverydayTalk
Miami,7311.0,2,6.0,6.0,8.0,Conversation between coworkers,Casual_EverydayTalk
Miami,7312.0,2,2.0,2.0,5.0,Conversation between coworkers,Workplace_Technical
Miami,7323.0,2,3.0,3.0,5.0,Conversation between coworkers,Casual_EverydayTalk
Miami,7330.0,4,2.5,2.5,7.0,Conversation between coworkers,Casual_EverydayTalk
Miami,7335.0,4,4.0,4.0,10.0,Conversation between coworkers,Office_Logistics
Miami,7355.0,2,3.0,3.0,8.0,Conversation between coworkers,Casual_EverydayTalk
Miami,7360.0,2,6.0,6.0,10.0,Conversation between coworkers,Office_Logistics
Miami,7396.0,2,7.0,7.0,12.0,Conversation between coworkers,Casual_EverydayTalk
Miami,7410.0,4,3.5,3.5,10.0,Conversation between coworkers,Narratives_Quotations
Miami,7414.0,2,4.0,4.0,6.0,Conversation between coworkers,Casual_EverydayTalk
Miami,7418.0,4,4.0,4.0,15.0,Conversation between coworkers,Narratives_Quotations
Miami,7451.0,2,2.0,2.0,11.0,Conversation between coworkers,Office_Logistics
Miami,7456.0,4,5.5,5.5,13.0,Conversation between coworkers,Office_Logistics
Miami,7462.0,2,8.0,8.0,11.0,Conversation between coworkers,Workplace_Technical
Miami,7466.0,2,1.0,1.0,4.0,Conversation between coworkers,Casual_EverydayTalk
Miami,7490.0,2,1.0,1.0,4.0,Conversation between coworkers,Office_Logistics
Miami,7497.0,2,5.0,5.0,7.0,Conversation between coworkers,Casual_EverydayTalk
Miami,7522.0,2,1.0,1.0,3.0,Conversation between coworkers,Casual_EverydayTalk
Miami,7523.0,2,1.0,1.0,3.0,Conversation between coworkers,Casual_EverydayTalk
Miami,7531.0,2,7.0,7.0,10.0,Conversation between coworkers,Casual_EverydayTalk
Miami,7548.0,4,3.0,3.0,8.0,Conversation between coworkers,Casual_EverydayTalk
Miami,7549.0,10,2.8,1.0,14.0,Conversation between coworkers,Office_Logistics
Miami,7565.0,2,7.0,7.0,14.0,Conversation between coworkers,Office_Logistics
Miami,7567.0,2,11.0,11.0,15.0,Conversation between coworkers,Casual_EverydayTalk
Miami,7571.0,2,16.0,16.0,15.0,Conversation between coworkers,Casual_EverydayTalk
Miami,7577.0,2,5.0,5.0,7.0,Conversation between coworkers,Casual_EverydayTalk
Miami,7587.0,4,5.0,5.0,17.0,Conversation between coworkers,Narratives_Quotations
Miami,7595.0,2,4.0,4.0,10.0,Conversation between coworkers,Workplace_Technical
Miami,7598.0,4,4.0,4.0,21.0,Conversation between coworkers,Workplace_Technical
Miami,7609.0,2,2.0,2.0,6.0,Conversation between coworkers,ProperNouns_NamedEntities
Miami,7627.0,2,8.0,8.0,11.0,Conversation between coworkers,Office_Logistics
Miami,7699.0,4,10.5,10.5,23.0,Conversation between coworkers,Workplace_Technical
Miami,7700.0,4,5.5,5.5,13.0,Conversation between coworkers,Office_Logistics
Miami,7702.0,4,2.0,2.0,7.0,Conversation between coworkers,Workplace_Technical
Miami,7703.0,2,3.0,3.0,5.0,Conversation between coworkers,Casual_EverydayTalk
Miami,7718.0,2,2.0,2.0,5.0,Conversation between coworkers,Office_Logistics
Miami,7731.0,2,2.0,2.0,8.0,Conversation between coworkers,Workplace_Technical
Miami,7736.0,2,2.0,2.0,4.0,Conversation between coworkers,Casual_EverydayTalk
Miami,7756.0,2,1.0,1.0,5.0,Conversation between coworkers,Casual_EverydayTalk
Miami,7765.0,2,1.0,1.0,9.0,Conversation between coworkers,Office_Logistics
Miami,7800.0,2,1.0,1.0,5.0,Conversation between coworkers,Affect_Identity
Miami,7827.0,2,1.0,1.0,7.0,Conversation between coworkers,Casual_EverydayTalk
Miami,7845.0,2,4.0,4.0,7.0,Conversation between coworkers,Casual_EverydayTalk
Miami,7876.0,4,1.0,1.0,5.0,Conversation between coworkers,Casual_EverydayTalk
Miami,7877.0,2,11.0,11.0,19.0,Conversation between coworkers,Office_Logistics
Miami,7881.0,2,2.0,2.0,11.0,Conversation between coworkers,Narratives_Quotations
Miami,7886.0,2,1.0,1.0,6.0,Conversation between coworkers,Casual_EverydayTalk
Miami,7891.0,2,1.0,1.0,3.0,Conversation between coworkers,Casual_EverydayTalk
Miami,7908.0,4,1.0,1.0,5.0,Informal conversation between two classmates at Florida International University,Casual_EverydayTalk
Miami,7910.0,2,1.0,1.0,4.0,Informal conversation between two classmates at Florida International University,Casual_EverydayTalk
Miami,7913.0,4,1.0,1.0,30.0,Informal conversation between two classmates at Florida International University,Narratives_Quotations
Miami,8009.0,4,3.0,3.0,8.0,Informal conversation between two classmates at Florida International University,Casual_EverydayTalk
Miami,8048.0,2,1.0,1.0,15.0,Informal conversation between two classmates at Florida International University,Casual_EverydayTalk
Miami,8067.0,4,7.5,7.5,17.0,Informal conversation between two classmates at Florida International University,Narratives_Quotations
Miami,8278.0,2,3.0,3.0,10.0,Informal conversation between two classmates at Florida International University,Casual_EverydayTalk
Miami,8297.0,2,4.0,4.0,6.0,Informal conversation between two classmates at Florida International University,Casual_EverydayTalk
Miami,8310.0,2,1.0,1.0,7.0,Informal conversation between two classmates at Florida International University,Education_YouthOrganizations
Miami,8312.0,2,2.0,2.0,4.0,Informal conversation between two classmates at Florida International University,Casual_EverydayTalk
Miami,8313.0,6,1.3333333333333333,1.0,6.0,Informal conversation between two classmates at Florida International University,Casual_EverydayTalk
Miami,8352.0,4,7.0,7.0,18.0,Informal conversation between two classmates at Florida International University,Workplace_Technical
Miami,8354.0,6,2.0,2.0,19.0,Informal conversation between two classmates at Florida International University,Casual_EverydayTalk
Miami,8360.0,2,1.0,1.0,9.0,Informal conversation between two classmates at Florida International University,Casual_EverydayTalk
Miami,8373.0,2,2.0,2.0,4.0,Informal conversation between two classmates at Florida International University,Casual_EverydayTalk
Miami,8374.0,2,5.0,5.0,16.0,Informal conversation between two classmates at Florida International University,Casual_EverydayTalk
Miami,8537.0,2,3.0,3.0,5.0,Informal conversation between two classmates at Florida International University,Casual_EverydayTalk
Miami,8538.0,4,1.5,1.5,15.0,Informal conversation between two classmates at Florida International University,Casual_EverydayTalk
Miami,8547.0,4,2.5,2.5,9.0,Informal conversation between two classmates at Florida International University,Affect_Identity
Miami,8549.0,4,7.0,7.0,21.0,Informal conversation between two classmates at Florida International University,Casual_EverydayTalk
Miami,8551.0,4,2.5,2.5,13.0,Informal conversation between two classmates at Florida International University,Casual_EverydayTalk
Miami,8555.0,2,1.0,1.0,4.0,Informal conversation between two classmates at Florida International University,Casual_EverydayTalk
Miami,8583.0,4,5.0,5.0,16.0,Informal conversation between two classmates at Florida International University,Narratives_Quotations
Miami,8596.0,2,4.0,4.0,15.0,Informal conversation between two classmates at Florida International University,Casual_EverydayTalk
Miami,8611.0,2,3.0,3.0,5.0,Informal conversation between two classmates at Florida International University,Casual_EverydayTalk
Miami,8612.0,4,8.0,8.0,26.0,Informal conversation between two classmates at Florida International University,Casual_EverydayTalk
Miami,8634.0,2,1.0,1.0,4.0,Informal conversation between two classmates at Florida International University,Casual_EverydayTalk
Miami,8647.0,2,3.0,3.0,6.0,Informal conversation between two classmates at Florida International University,Casual_EverydayTalk
Miami,8649.0,4,10.0,10.0,32.0,Informal conversation between two classmates at Florida International University,Narratives_Quotations
Miami,8697.0,4,1.5,1.5,11.0,Informal conversation between two classmates at Florida International University,Narratives_Quotations
Miami,8713.0,4,6.0,6.0,23.0,Informal conversation between two classmates at Florida International University,Narratives_Quotations
Miami,8740.0,8,4.0,3.0,18.0,Informal conversation between two classmates at Florida International University,Casual_EverydayTalk
Miami,8803.0,4,1.5,1.5,18.0,Informal conversation between two classmates at Florida International University,Casual_EverydayTalk
Miami,8833.0,4,2.5,2.5,7.0,Informal conversation between two classmates at Florida International University,Casual_EverydayTalk
Miami,8877.0,4,2.0,2.0,7.0,Informal conversation between two classmates at Florida International University,ProperNouns_NamedEntities
Miami,8896.0,6,1.6666666666666667,2.0,10.0,Informal conversation between two classmates at Florida International University,Office_Logistics
Miami,8930.0,4,1.0,1.0,4.0,Informal conversation between two classmates at Florida International University,Casual_EverydayTalk
Miami,8956.0,4,4.5,4.5,25.0,Informal conversation between two classmates at Florida International University,Narratives_Quotations
Miami,9037.0,2,1.0,1.0,8.0,"Informal conversation between Luis and his mother Ava, at Luis's place of work",Casual_EverydayTalk
Miami,9038.0,2,1.0,1.0,7.0,"Informal conversation between Luis and his mother Ava, at Luis's place of work",Casual_EverydayTalk
Miami,9074.0,2,2.0,2.0,21.0,"Informal conversation between Luis and his mother Ava, at Luis's place of work",Narratives_Quotations
Miami,9080.0,2,1.0,1.0,5.0,"Informal conversation between Luis and his mother Ava, at Luis's place of work",Casual_EverydayTalk
Miami,9081.0,4,3.0,3.0,10.0,"Informal conversation between Luis and his mother Ava, at Luis's place of work",Office_Logistics
Miami,9104.0,2,2.0,2.0,8.0,"Informal conversation between Luis and his mother Ava, at Luis's place of work",Casual_EverydayTalk
Miami,9161.0,4,1.0,1.0,5.0,"Informal conversation between Luis and his mother Ava, at Luis's place of work",Casual_EverydayTalk
Miami,9162.0,4,1.5,1.5,11.0,"Informal conversation between Luis and his mother Ava, at Luis's place of work",ProperNouns_NamedEntities
Miami,9166.0,2,1.0,1.0,19.0,"Informal conversation between Luis and his mother Ava, at Luis's place of work",Narratives_Quotations
Miami,9167.0,2,1.0,1.0,7.0,"Informal conversation between Luis and his mother Ava, at Luis's place of work",Casual_EverydayTalk
Miami,9168.0,4,2.0,2.0,10.0,"Informal conversation between Luis and his mother Ava, at Luis's place of work",Casual_EverydayTalk
Miami,9173.0,4,5.5,5.5,17.0,"Informal conversation between Luis and his mother Ava, at Luis's place of work",Narratives_Quotations
Miami,9174.0,2,2.0,2.0,4.0,"Informal conversation between Luis and his mother Ava, at Luis's place of work",Casual_EverydayTalk
Miami,9195.0,2,7.0,7.0,16.0,"Informal conversation between Luis and his mother Ava, at Luis's place of work",Casual_EverydayTalk
Miami,9205.0,2,1.0,1.0,8.0,"Informal conversation between Luis and his mother Ava, at Luis's place of work",Casual_EverydayTalk
Miami,9211.0,2,1.0,1.0,3.0,"Informal conversation between Luis and his mother Ava, at Luis's place of work",Casual_EverydayTalk
Miami,9224.0,4,4.0,4.0,11.0,"Informal conversation between Luis and his mother Ava, at Luis's place of work",Casual_EverydayTalk
Miami,9232.0,4,1.5,1.5,5.0,"Informal conversation between Luis and his mother Ava, at Luis's place of work",Casual_EverydayTalk
Miami,9236.0,2,1.0,1.0,7.0,"Informal conversation between Luis and his mother Ava, at Luis's place of work",Casual_EverydayTalk
Miami,9254.0,2,1.0,1.0,3.0,"Informal conversation between Luis and his mother Ava, at Luis's place of work",Casual_EverydayTalk
Miami,9263.0,4,2.5,2.5,15.0,"Informal conversation between Luis and his mother Ava, at Luis's place of work",Casual_EverydayTalk
Miami,9276.0,6,1.0,1.0,12.0,"Informal conversation between Luis and his mother Ava, at Luis's place of work",Casual_EverydayTalk
Miami,9286.0,2,3.0,3.0,10.0,"Informal conversation between Luis and his mother Ava, at Luis's place of work",Casual_EverydayTalk
Miami,9309.0,2,1.0,1.0,10.0,"Informal conversation between Luis and his mother Ava, at Luis's place of work",Affect_Identity
Miami,9313.0,4,8.5,8.5,22.0,"Informal conversation between Luis and his mother Ava, at Luis's place of work",Narratives_Quotations
Miami,9314.0,8,3.5,2.0,18.0,"Informal conversation between Luis and his mother Ava, at Luis's place of work",Narratives_Quotations
Miami,9329.0,2,1.0,1.0,5.0,"Informal conversation between Luis and his mother Ava, at Luis's place of work",Casual_EverydayTalk
Miami,9397.0,2,2.0,2.0,7.0,"Informal conversation between Luis and his mother Ava, at Luis's place of work",Affect_Identity
Miami,9450.0,2,4.0,4.0,7.0,"Informal conversation between Luis and his mother Ava, at Luis's place of work",Casual_EverydayTalk
Miami,9462.0,2,7.0,7.0,12.0,"Informal conversation between Luis and his mother Ava, at Luis's place of work",Narratives_Quotations
Miami,9469.0,2,9.0,9.0,18.0,"Informal conversation between Luis and his mother Ava, at Luis's place of work",Narratives_Quotations
Miami,9473.0,4,5.5,5.5,14.0,"Informal conversation between Luis and his mother Ava, at Luis's place of work",Narratives_Quotations
Miami,9532.0,4,4.0,4.0,10.0,"Informal conversation between Luis and his mother Ava, at Luis's place of work",Workplace_Technical
Miami,9540.0,2,1.0,1.0,17.0,"Informal conversation between Luis and his mother Ava, at Luis's place of work",Casual_EverydayTalk
Miami,9542.0,4,1.0,1.0,7.0,"Informal conversation between Luis and his mother Ava, at Luis's place of work",Casual_EverydayTalk
Miami,9543.0,2,1.0,1.0,10.0,"Informal conversation between Luis and his mother Ava, at Luis's place of work",Casual_EverydayTalk
Miami,9546.0,4,1.5,1.5,15.0,"Informal conversation between Luis and his mother Ava, at Luis's place of work",Casual_EverydayTalk
Miami,9553.0,2,8.0,8.0,10.0,"Informal conversation between Luis and his mother Ava, at Luis's place of work",Casual_EverydayTalk
Miami,9558.0,4,1.0,1.0,7.0,"Informal conversation between Luis and his mother Ava, at Luis's place of work",Casual_EverydayTalk
Miami,9563.0,4,1.5,1.5,12.0,"Informal conversation between Luis and his mother Ava, at Luis's place of work",Narratives_Quotations
Miami,9591.0,2,1.0,1.0,16.0,"Informal conversation between Luis and his mother Ava, at Luis's place of work",Narratives_Quotations
Miami,9610.0,2,2.0,2.0,6.0,"Informal conversation between Luis and his mother Ava, at Luis's place of work",Casual_EverydayTalk
Miami,9628.0,2,3.0,3.0,11.0,"Informal conversation between Luis and his mother Ava, at Luis's place of work",Casual_EverydayTalk
Miami,9642.0,2,7.0,7.0,9.0,"Informal conversation between Luis and his mother Ava, at Luis's place of work",Casual_EverydayTalk
Miami,9653.0,2,1.0,1.0,8.0,"Informal conversation between Luis and his mother Ava, at Luis's place of work",Casual_EverydayTalk
Miami,9676.0,2,2.0,2.0,6.0,"Informal conversation between Luis and his mother Ava, at Luis's place of work",Narratives_Quotations
Miami,9694.0,2,6.0,6.0,10.0,"Informal conversation between Luis and his mother Ava, at Luis's place of work",Affect_Identity
Miami,9695.0,2,2.0,2.0,14.0,"Informal conversation between Luis and his mother Ava, at Luis's place of work",Casual_EverydayTalk
Miami,9703.0,2,1.0,1.0,11.0,"Informal conversation between Luis and his mother Ava, at Luis's place of work",Casual_EverydayTalk
Miami,9719.0,2,2.0,2.0,8.0,"Informal conversation between Luis and his mother Ava, at Luis's place of work",Casual_EverydayTalk
Miami,9750.0,2,5.0,5.0,7.0,"Informal conversation between Luis and his mother Ava, at Luis's place of work",ProperNouns_NamedEntities
Miami,9756.0,2,2.0,2.0,9.0,"Informal conversation between Luis and his mother Ava, at Luis's place of work",Narratives_Quotations
Miami,9758.0,2,2.0,2.0,10.0,"Informal conversation between Luis and his mother Ava, at Luis's place of work",ProperNouns_NamedEntities
Miami,9799.0,2,7.0,7.0,10.0,"Informal conversation between Luis and his mother Ava, at Luis's place of work",Casual_EverydayTalk
Miami,9840.0,4,2.0,2.0,11.0,"Informal conversation between Luis and his mother Ava, at Luis's place of work",Narratives_Quotations
Miami,9847.0,2,1.0,1.0,5.0,"Informal conversation between Luis and his mother Ava, at Luis's place of work",Casual_EverydayTalk
Miami,9859.0,8,2.25,1.5,24.0,"Informal conversation between Luis and his mother Ava, at Luis's place of work",Narratives_Quotations
Miami,9880.0,2,1.0,1.0,4.0,"Informal conversation between Luis and his mother Ava, at Luis's place of work",ProperNouns_NamedEntities
Miami,9881.0,2,1.0,1.0,4.0,"Informal conversation between Luis and his mother Ava, at Luis's place of work",ProperNouns_NamedEntities
Miami,9883.0,2,1.0,1.0,4.0,"Informal conversation between Luis and his mother Ava, at Luis's place of work",Casual_EverydayTalk
Miami,9892.0,2,3.0,3.0,7.0,"Informal conversation between Luis and his mother Ava, at Luis's place of work",Narratives_Quotations
Miami,9909.0,2,6.0,6.0,11.0,"Informal conversation between Luis and his mother Ava, at Luis's place of work",Narratives_Quotations
Miami,9920.0,2,6.0,6.0,10.0,"Informal conversation between Luis and his mother Ava, at Luis's place of work",Narratives_Quotations
Miami,9934.0,2,2.0,2.0,9.0,"Informal conversation between Luis and his mother Ava, at Luis's place of work",Casual_EverydayTalk
Miami,9950.0,2,9.0,9.0,11.0,"Informal conversation between Luis and his mother Ava, at Luis's place of work",Casual_EverydayTalk
Miami,9977.0,4,7.5,7.5,27.0,"Informal conversation between Luis and his mother Ava, at Luis's place of work",Narratives_Quotations
Miami,10002.0,2,9.0,9.0,14.0,"Informal conversation between Luis and his mother Ava, at Luis's place of work",Casual_EverydayTalk
Miami,10039.0,2,1.0,1.0,17.0,"Informal conversation between Luis and his mother Ava, at Luis's place of work",Narratives_Quotations
Miami,10046.0,2,12.0,12.0,14.0,"Informal conversation between Luis and his mother Ava, at Luis's place of work",Narratives_Quotations
Miami,10058.0,4,3.0,3.0,9.0,"Informal conversation between Luis and his mother Ava, at Luis's place of work",Casual_EverydayTalk
Miami,10076.0,2,1.0,1.0,8.0,"Informal conversation between Luis and his mother Ava, at Luis's place of work",Workplace_Technical
Miami,10077.0,4,2.5,2.5,11.0,"Informal conversation between Luis and his mother Ava, at Luis's place of work",Casual_EverydayTalk
Miami,10083.0,4,2.5,2.5,18.0,"Informal conversation between Luis and his mother Ava, at Luis's place of work",Casual_EverydayTalk
Miami,10089.0,3,3.0,3.0,13.0,"Informal conversation between Luis and his mother Ava, at Luis's place of work",Affect_Identity
Miami,10129.0,2,1.0,1.0,22.0,"Informal conversation between Luis and his mother Ava, at Luis's place of work",Casual_EverydayTalk
Miami,10131.0,8,2.5,1.5,16.0,"Informal conversation between Luis and his mother Ava, at Luis's place of work",Casual_EverydayTalk
Miami,10134.0,4,1.0,1.0,5.0,"Informal conversation between Luis and his mother Ava, at Luis's place of work",Workplace_Technical
Miami,10150.0,2,6.0,6.0,8.0,"Informal conversation between Luis and his mother Ava, at Luis's place of work",Narratives_Quotations
Miami,10173.0,6,3.0,2.0,11.0,"Informal conversation between Luis and his mother Ava, at Luis's place of work",Workplace_Technical
Miami,10184.0,2,1.0,1.0,3.0,"Informal conversation between Luis and his mother Ava, at Luis's place of work",Affect_Identity
Miami,10254.0,2,6.0,6.0,9.0,Informal conversation between two friends at Florida International University,Casual_EverydayTalk
Miami,10260.0,2,7.0,7.0,10.0,Informal conversation between two friends at Florida International University,Casual_EverydayTalk
Miami,10261.0,2,2.0,2.0,7.0,Informal conversation between two friends at Florida International University,Casual_EverydayTalk
Miami,10263.0,2,3.0,3.0,5.0,Informal conversation between two friends at Florida International University,Narratives_Quotations
Miami,10264.0,2,2.0,2.0,6.0,Informal conversation between two friends at Florida International University,Office_Logistics
Miami,10267.0,2,2.0,2.0,10.0,Informal conversation between two friends at Florida International University,Casual_EverydayTalk
Miami,10289.0,8,1.5,1.5,9.0,Informal conversation between two friends at Florida International University,Casual_EverydayTalk
Miami,10307.0,4,1.5,1.5,12.0,Informal conversation between two friends at Florida International University,Narratives_Quotations
Miami,10311.0,4,3.0,3.0,8.0,Informal conversation between two friends at Florida International University,ProperNouns_NamedEntities
Miami,10313.0,2,2.0,2.0,9.0,Informal conversation between two friends at Florida International University,Casual_EverydayTalk
Miami,10315.0,2,2.0,2.0,14.0,Informal conversation between two friends at Florida International University,Casual_EverydayTalk
Miami,10316.0,2,5.0,5.0,11.0,Informal conversation between two friends at Florida International University,Casual_EverydayTalk
Miami,10320.0,2,16.0,16.0,19.0,Informal conversation between two friends at Florida International University,Casual_EverydayTalk
Miami,10325.0,2,4.0,4.0,14.0,Informal conversation between two friends at Florida International University,Education_YouthOrganizations
Miami,10331.0,2,1.0,1.0,7.0,Informal conversation between two friends at Florida International University,Education_YouthOrganizations
Miami,10332.0,4,1.5,1.5,6.0,Informal conversation between two friends at Florida International University,Education_YouthOrganizations
Miami,10336.0,4,5.0,5.0,14.0,Informal conversation between two friends at Florida International University,ProperNouns_NamedEntities
Miami,10338.0,6,1.3333333333333333,1.0,11.0,Informal conversation between two friends at Florida International University,Education_YouthOrganizations
Miami,10341.0,2,7.0,7.0,9.0,Informal conversation between two friends at Florida International University,Casual_EverydayTalk
Miami,10344.0,2,3.0,3.0,11.0,Informal conversation between two friends at Florida International University,Education_YouthOrganizations
Miami,10351.0,2,4.0,4.0,8.0,Informal conversation between two friends at Florida International University,Casual_EverydayTalk
Miami,10357.0,2,4.0,4.0,16.0,Informal conversation between two friends at Florida International University,Casual_EverydayTalk
Miami,10373.0,4,2.0,2.0,9.0,Informal conversation between two friends at Florida International University,Narratives_Quotations
Miami,10403.0,6,3.0,3.0,11.0,Informal conversation between two friends at Florida International University,Casual_EverydayTalk
Miami,10405.0,2,1.0,1.0,4.0,Informal conversation between two friends at Florida International University,Casual_EverydayTalk
Miami,10420.0,12,3.6666666666666665,4.0,24.0,Informal conversation between two friends at Florida International University,Narratives_Quotations
Miami,10426.0,4,2.5,2.5,17.0,Informal conversation between two friends at Florida International University,Casual_EverydayTalk
Miami,10427.0,3,4.0,4.0,6.0,Informal conversation between two friends at Florida International University,Casual_EverydayTalk
Miami,10428.0,2,4.0,4.0,6.0,Informal conversation between two friends at Florida International University,Casual_EverydayTalk
Miami,10429.0,2,6.0,6.0,8.0,Informal conversation between two friends at Florida International University,Casual_EverydayTalk
Miami,10431.0,2,7.0,7.0,8.0,Informal conversation between two friends at Florida International University,Casual_EverydayTalk
Miami,10433.0,2,15.0,15.0,17.0,Informal conversation between two friends at Florida International University,Casual_EverydayTalk
Miami,10437.0,2,9.0,9.0,13.0,Informal conversation between two friends at Florida International University,Casual_EverydayTalk
Miami,10444.0,2,8.0,8.0,13.0,Informal conversation between two friends at Florida International University,Casual_EverydayTalk
Miami,10491.0,3,3.0,3.0,4.0,Informal conversation between two friends at Florida International University,Casual_EverydayTalk
Miami,10492.0,2,4.0,4.0,6.0,Informal conversation between two friends at Florida International University,Casual_EverydayTalk
Miami,10504.0,4,4.0,4.0,13.0,Informal conversation between two friends at Florida International University,Education_YouthOrganizations
Miami,10533.0,2,9.0,9.0,11.0,Informal conversation between two friends at Florida International University,Casual_EverydayTalk
Miami,10567.0,4,5.0,5.0,17.0,Informal conversation between two friends at Florida International University,Casual_EverydayTalk
Miami,10591.0,2,3.0,3.0,12.0,Informal conversation between two friends at Florida International University,Casual_EverydayTalk
Miami,10594.0,2,7.0,7.0,13.0,Informal conversation between two friends at Florida International University,Narratives_Quotations
Miami,10595.0,2,3.0,3.0,8.0,Informal conversation between two friends at Florida International University,Narratives_Quotations
Miami,10614.0,2,2.0,2.0,9.0,Informal conversation between two friends at Florida International University,Casual_EverydayTalk
Miami,10625.0,2,1.0,1.0,6.0,Informal conversation between two friends at Florida International University,Casual_EverydayTalk
Miami,10657.0,2,1.0,1.0,4.0,Informal conversation between two friends at Florida International University,Casual_EverydayTalk
Miami,10665.0,2,1.0,1.0,13.0,Informal conversation between two friends at Florida International University,Casual_EverydayTalk
Miami,10670.0,16,1.875,1.5,20.0,Informal conversation between two friends at Florida International University,Education_YouthOrganizations
Miami,10672.0,6,3.6666666666666665,2.0,15.0,Informal conversation between two friends at Florida International University,Education_YouthOrganizations
Miami,10673.0,2,9.0,9.0,12.0,Informal conversation between two friends at Florida International University,Education_YouthOrganizations
Miami,10676.0,2,5.0,5.0,7.0,Informal conversation between two friends at Florida International University,Education_YouthOrganizations
Miami,10680.0,10,1.8,2.0,11.0,Informal conversation between two friends at Florida International University,Education_YouthOrganizations
Miami,10682.0,2,1.0,1.0,3.0,Informal conversation between two friends at Florida International University,Affect_Identity
Miami,10684.0,3,6.0,6.0,7.0,Informal conversation between two friends at Florida International University,Education_YouthOrganizations
Miami,10691.0,2,5.0,5.0,9.0,Informal conversation between two friends at Florida International University,Narratives_Quotations
Miami,10698.0,5,2.5,2.5,8.0,Informal conversation between two friends at Florida International University,Education_YouthOrganizations
Miami,10699.0,2,5.0,5.0,7.0,Informal conversation between two friends at Florida International University,Casual_EverydayTalk
Miami,10714.0,2,2.0,2.0,12.0,Informal conversation between two friends at Florida International University,Education_YouthOrganizations
Miami,10716.0,2,2.0,2.0,5.0,Informal conversation between two friends at Florida International University,Casual_EverydayTalk
Miami,10721.0,2,11.0,11.0,13.0,Informal conversation between two friends at Florida International University,Narratives_Quotations
Miami,10725.0,2,3.0,3.0,5.0,Informal conversation between two friends at Florida International University,Casual_EverydayTalk
Miami,10728.0,2,1.0,1.0,5.0,Informal conversation between two friends at Florida International University,Casual_EverydayTalk
Miami,10745.0,6,1.3333333333333333,1.0,9.0,Informal conversation between two friends at Florida International University,ProperNouns_NamedEntities
Miami,10748.0,4,2.5,2.5,21.0,Informal conversation between two friends at Florida International University,Narratives_Quotations
Miami,10753.0,2,4.0,4.0,17.0,Informal conversation between two friends at Florida International University,Casual_EverydayTalk
Miami,10757.0,2,4.0,4.0,9.0,Informal conversation between two friends at Florida International University,Casual_EverydayTalk
Miami,10807.0,2,2.0,2.0,7.0,Informal conversation between two friends at Florida International University,Casual_EverydayTalk
Miami,10808.0,2,3.0,3.0,15.0,Informal conversation between two friends at Florida International University,Casual_EverydayTalk
Miami,10813.0,2,1.0,1.0,5.0,Informal conversation between two friends at Florida International University,Casual_EverydayTalk
Miami,10841.0,2,2.0,2.0,11.0,Informal conversation between two friends at Florida International University,ProperNouns_NamedEntities
Miami,10845.0,6,1.0,1.0,8.0,Informal conversation between two friends at Florida International University,ProperNouns_NamedEntities
Miami,10852.0,4,2.5,2.5,16.0,Informal conversation between two friends at Florida International University,Narratives_Quotations
Miami,10859.0,4,3.0,3.0,9.0,Informal conversation between two friends at Florida International University,Casual_EverydayTalk
Miami,10868.0,2,2.0,2.0,7.0,Informal conversation between two friends at Florida International University,Casual_EverydayTalk
Miami,10873.0,2,1.0,1.0,4.0,Informal conversation between two friends at Florida International University,Casual_EverydayTalk
Miami,10905.0,2,1.0,1.0,16.0,Informal conversation between two friends at Florida International University,Narratives_Quotations
Miami,10927.0,2,2.0,2.0,7.0,Informal conversation between two friends at Florida International University,Casual_EverydayTalk
Miami,10928.0,2,8.0,8.0,11.0,Informal conversation between two friends at Florida International University,Casual_EverydayTalk
Miami,10935.0,2,3.0,3.0,7.0,Informal conversation between two friends at Florida International University,Casual_EverydayTalk
Miami,10937.0,4,5.5,5.5,13.0,Informal conversation between two friends at Florida International University,Education_YouthOrganizations
Miami,10961.0,2,5.0,5.0,12.0,Informal conversation between two friends at Florida International University,Casual_EverydayTalk
Miami,10962.0,2,2.0,2.0,6.0,Informal conversation between two friends at Florida International University,Casual_EverydayTalk
Miami,10977.0,2,1.0,1.0,8.0,Informal conversation between two friends at Florida International University,Education_YouthOrganizations
Miami,10980.0,4,9.0,9.0,21.0,Informal conversation between two friends at Florida International University,Education_YouthOrganizations
Miami,10985.0,2,1.0,1.0,10.0,Informal conversation between two friends at Florida International University,Education_YouthOrganizations
Miami,10989.0,2,3.0,3.0,9.0,Informal conversation between two friends at Florida International University,Education_YouthOrganizations
Miami,10992.0,4,1.5,1.5,5.0,Informal conversation between two friends at Florida International University,Casual_EverydayTalk
Miami,10996.0,12,3.3333333333333335,1.5,22.0,Informal conversation between two friends at Florida International University,ProperNouns_NamedEntities
Miami,10997.0,4,2.5,2.5,13.0,Informal conversation between two friends at Florida International University,Narratives_Quotations
Miami,11006.0,2,2.0,2.0,4.0,Informal conversation between two friends at Florida International University,Architecture_Design
Miami,11008.0,2,1.0,1.0,3.0,Informal conversation between two friends at Florida International University,Affect_Identity
Miami,11010.0,4,2.0,2.0,7.0,Informal conversation between two friends at Florida International University,Casual_EverydayTalk
Miami,11011.0,4,1.5,1.5,10.0,Informal conversation between two friends at Florida International University,Casual_EverydayTalk
Miami,11013.0,4,2.0,2.0,8.0,Informal conversation between two friends at Florida International University,Education_YouthOrganizations
Miami,11016.0,6,2.0,1.0,13.0,Informal conversation between two friends at Florida International University,ProperNouns_NamedEntities
Miami,11018.0,2,2.0,2.0,15.0,Informal conversation between two friends at Florida International University,Education_YouthOrganizations
Miami,11020.0,4,4.0,4.0,13.0,Informal conversation between two friends at Florida International University,Narratives_Quotations
Miami,11024.0,4,1.0,1.0,7.0,Informal conversation between two friends at Florida International University,Narratives_Quotations
Miami,11026.0,2,2.0,2.0,5.0,Informal conversation between two friends at Florida International University,Education_YouthOrganizations
Miami,11030.0,2,1.0,1.0,10.0,Informal conversation between two friends at Florida International University,Education_YouthOrganizations
Miami,11032.0,8,1.75,1.5,13.0,Informal conversation between two friends at Florida International University,Education_YouthOrganizations
Miami,11037.0,2,6.0,6.0,12.0,Informal conversation between two friends at Florida International University,Casual_EverydayTalk
Miami,11062.0,2,1.0,1.0,5.0,Informal conversation between two friends at Florida International University,Education_YouthOrganizations
Miami,11065.0,4,4.0,4.0,18.0,Informal conversation between two friends at Florida International University,Education_YouthOrganizations
Miami,11067.0,2,14.0,14.0,16.0,Informal conversation between two friends at Florida International University,Education_YouthOrganizations
Miami,11069.0,6,3.0,1.0,12.0,Informal conversation between two friends at Florida International University,Education_YouthOrganizations
Miami,11081.0,2,2.0,2.0,9.0,Informal conversation between two friends at Florida International University,Casual_EverydayTalk
Miami,11086.0,2,4.0,4.0,6.0,Informal conversation between two friends at Florida International University,Casual_EverydayTalk
Miami,11098.0,3,8.0,8.0,9.0,Informal conversation between two friends at Florida International University,Casual_EverydayTalk
Miami,11117.0,2,2.0,2.0,4.0,Informal conversation between two friends at Florida International University,Casual_EverydayTalk
Miami,11138.0,2,24.0,24.0,26.0,Informal conversation between two friends at Florida International University,Casual_EverydayTalk
Miami,11143.0,6,3.0,3.0,11.0,Informal conversation between two friends at Florida International University,Casual_EverydayTalk
Miami,11175.0,4,8.0,8.0,20.0,Informal conversation between two friends at Florida International University,Casual_EverydayTalk
Miami,11177.0,2,4.0,4.0,5.0,Informal conversation between two friends at Florida International University,Narratives_Quotations
Miami,11189.0,4,5.5,5.5,18.0,Informal conversation between two friends at Florida International University,Narratives_Quotations
Miami,11193.0,2,7.0,7.0,11.0,Informal conversation between two friends at Florida International University,Casual_EverydayTalk
Miami,11194.0,4,2.0,2.0,12.0,Informal conversation between two friends at Florida International University,Casual_EverydayTalk
Miami,11205.0,4,2.5,2.5,19.0,Informal conversation between two friends at Florida International University,Casual_EverydayTalk
Miami,11248.0,4,1.0,1.0,6.0,Informal conversation between two friends at Florida International University,Affect_Identity
Miami,11292.0,2,5.0,5.0,7.0,Informal conversation between two friends at Florida International University,Casual_EverydayTalk
Miami,11313.0,2,4.0,4.0,11.0,Informal conversation between two friends at Florida International University,Narratives_Quotations
Miami,11322.0,2,3.0,3.0,8.0,Informal conversation between two friends at Florida International University,Casual_EverydayTalk
Miami,11328.0,2,5.0,5.0,14.0,Informal conversation between two friends at Florida International University,Casual_EverydayTalk
Miami,11329.0,2,6.0,6.0,8.0,Informal conversation between two friends at Florida International University,Casual_EverydayTalk
Miami,11335.0,4,2.5,2.5,9.0,Informal conversation between two friends at Florida International University,Casual_EverydayTalk
Miami,11365.0,2,1.0,1.0,10.0,Informal conversation between two friends at Florida International University,Affect_Identity
Miami,11375.0,4,3.0,3.0,10.0,Informal conversation between two friends at Florida International University,Casual_EverydayTalk
Miami,11387.0,2,1.0,1.0,12.0,Informal conversation in the communal lounge area of an apartment,Narratives_Quotations
Miami,11402.0,4,2.0,2.0,24.0,Informal conversation in the communal lounge area of an apartment,Office_Logistics
Miami,11406.0,2,2.0,2.0,11.0,Informal conversation in the communal lounge area of an apartment,Casual_EverydayTalk
Miami,11421.0,2,3.0,3.0,9.0,Informal conversation in the communal lounge area of an apartment,Narratives_Quotations
Miami,11431.0,2,1.0,1.0,3.0,Informal conversation in the communal lounge area of an apartment,Architecture_Design
Miami,11439.0,2,12.0,12.0,17.0,Informal conversation in the communal lounge area of an apartment,Narratives_Quotations
Miami,11441.0,4,2.0,2.0,6.0,Informal conversation in the communal lounge area of an apartment,Casual_EverydayTalk
Miami,11460.0,2,8.0,8.0,11.0,Informal conversation in the communal lounge area of an apartment,Casual_EverydayTalk
Miami,11481.0,2,11.0,11.0,13.0,Informal conversation in the communal lounge area of an apartment,Office_Logistics
Miami,11499.0,4,2.0,2.0,7.0,Informal conversation in the communal lounge area of an apartment,Casual_EverydayTalk
Miami,11501.0,2,1.0,1.0,5.0,Informal conversation in the communal lounge area of an apartment,Casual_EverydayTalk
Miami,11502.0,2,1.0,1.0,3.0,Informal conversation in the communal lounge area of an apartment,Casual_EverydayTalk
Miami,11506.0,2,2.0,2.0,4.0,Informal conversation in the communal lounge area of an apartment,Casual_EverydayTalk
Miami,11508.0,2,2.0,2.0,6.0,Informal conversation in the communal lounge area of an apartment,Workplace_Technical
Miami,11509.0,2,3.0,3.0,15.0,Informal conversation in the communal lounge area of an apartment,Office_Logistics
Miami,11567.0,2,1.0,1.0,4.0,Informal conversation in the communal lounge area of an apartment,Casual_EverydayTalk
Miami,11574.0,4,4.0,4.0,10.0,Informal conversation in the communal lounge area of an apartment,Casual_EverydayTalk
Miami,11602.0,2,1.0,1.0,4.0,Informal conversation in the communal lounge area of an apartment,Workplace_Technical
Miami,11609.0,6,5.666666666666667,2.0,21.0,Informal conversation in the communal lounge area of an apartment,Narratives_Quotations
Miami,11656.0,2,2.0,2.0,4.0,Informal conversation in the communal lounge area of an apartment,Casual_EverydayTalk
Miami,11669.0,2,4.0,4.0,7.0,Informal conversation in the communal lounge area of an apartment,Narratives_Quotations
Miami,11744.0,2,1.0,1.0,3.0,Informal conversation in the communal lounge area of an apartment,Casual_EverydayTalk
Miami,11758.0,2,1.0,1.0,8.0,Informal conversation in the communal lounge area of an apartment,Narratives_Quotations
Miami,11760.0,2,1.0,1.0,3.0,Informal conversation in the communal lounge area of an apartment,Workplace_Technical
Miami,11762.0,2,1.0,1.0,5.0,Informal conversation in the communal lounge area of an apartment,Casual_EverydayTalk
Miami,11765.0,4,4.0,4.0,14.0,Informal conversation in the communal lounge area of an apartment,Narratives_Quotations
Miami,11791.0,2,1.0,1.0,3.0,Informal conversation in the communal lounge area of an apartment,Casual_EverydayTalk
Miami,11808.0,2,4.0,4.0,6.0,Informal conversation in the communal lounge area of an apartment,Casual_EverydayTalk
Miami,11895.0,6,1.0,1.0,8.0,Informal conversation in the communal lounge area of an apartment,Casual_EverydayTalk
Miami,11926.0,2,1.0,1.0,4.0,Informal conversation in the communal lounge area of an apartment,Casual_EverydayTalk
Miami,11927.0,4,1.0,1.0,6.0,Informal conversation in the communal lounge area of an apartment,Casual_EverydayTalk
Miami,11939.0,2,12.0,12.0,19.0,Informal conversation in the communal lounge area of an apartment,Casual_EverydayTalk
Miami,11941.0,2,3.0,3.0,9.0,Informal conversation in the communal lounge area of an apartment,Casual_EverydayTalk
Miami,11943.0,2,1.0,1.0,7.0,Informal conversation in the communal lounge area of an apartment,Casual_EverydayTalk
Miami,11944.0,2,1.0,1.0,8.0,Informal conversation in the communal lounge area of an apartment,Narratives_Quotations
Miami,11953.0,2,1.0,1.0,6.0,Informal conversation in the communal lounge area of an apartment,Casual_EverydayTalk
Miami,11959.0,6,2.3333333333333335,3.0,10.0,Informal conversation in the communal lounge area of an apartment,Casual_EverydayTalk
Miami,11960.0,4,1.0,1.0,7.0,Informal conversation in the communal lounge area of an apartment,Casual_EverydayTalk
Miami,11965.0,2,1.0,1.0,5.0,Informal conversation in the communal lounge area of an apartment,Casual_EverydayTalk
Miami,11969.0,2,1.0,1.0,9.0,Informal conversation in the communal lounge area of an apartment,Casual_EverydayTalk
Miami,11971.0,4,3.5,3.5,16.0,Informal conversation in the communal lounge area of an apartment,Casual_EverydayTalk
Miami,11975.0,2,1.0,1.0,7.0,Informal conversation in the communal lounge area of an apartment,Narratives_Quotations
Miami,11981.0,8,3.0,1.5,20.0,Informal conversation in the communal lounge area of an apartment,Casual_EverydayTalk
Miami,11982.0,9,2.5,2.0,12.0,Informal conversation in the communal lounge area of an apartment,ProperNouns_NamedEntities
Miami,11983.0,4,5.0,5.0,12.0,Informal conversation in the communal lounge area of an apartment,Casual_EverydayTalk
Miami,11984.0,2,4.0,4.0,8.0,Informal conversation in the communal lounge area of an apartment,Casual_EverydayTalk
Miami,11997.0,2,1.0,1.0,7.0,Informal conversation in the communal lounge area of an apartment,Casual_EverydayTalk
Miami,11998.0,2,1.0,1.0,14.0,Informal conversation in the communal lounge area of an apartment,Casual_EverydayTalk
Miami,12001.0,2,2.0,2.0,11.0,Informal conversation in the communal lounge area of an apartment,Casual_EverydayTalk
Miami,12004.0,2,1.0,1.0,13.0,Informal conversation in the communal lounge area of an apartment,Narratives_Quotations
Miami,12062.0,4,2.5,2.5,9.0,Informal conversation in the communal lounge area of an apartment,Casual_EverydayTalk
Miami,12063.0,4,2.5,2.5,14.0,Informal conversation in the communal lounge area of an apartment,Casual_EverydayTalk
Miami,12071.0,2,1.0,1.0,10.0,Informal conversation in the communal lounge area of an apartment,Casual_EverydayTalk
Miami,12097.0,2,9.0,9.0,14.0,Informal conversation in the communal lounge area of an apartment,ProperNouns_NamedEntities
Miami,12099.0,4,4.0,4.0,11.0,Informal conversation in the communal lounge area of an apartment,Casual_EverydayTalk
Miami,12110.0,4,1.0,1.0,12.0,Informal conversation in the communal lounge area of an apartment,Casual_EverydayTalk
Miami,12159.0,4,2.5,2.5,12.0,Informal conversation in the communal lounge area of an apartment,Casual_EverydayTalk
Miami,12168.0,2,7.0,7.0,10.0,Informal conversation in the communal lounge area of an apartment,Casual_EverydayTalk
Miami,12193.0,2,4.0,4.0,10.0,Informal conversation in the communal lounge area of an apartment,Casual_EverydayTalk
Miami,12195.0,6,2.6666666666666665,3.0,10.0,Informal conversation in the communal lounge area of an apartment,Narratives_Quotations
Miami,12217.0,2,1.0,1.0,12.0,Informal conversation in the communal lounge area of an apartment,Education_YouthOrganizations
Miami,12295.0,2,4.0,4.0,6.0,Informal conversation between a couple at Florida International University,ProperNouns_NamedEntities
Miami,12308.0,2,3.0,3.0,8.0,Informal conversation between a couple at Florida International University,Casual_EverydayTalk
Miami,12331.0,6,2.3333333333333335,2.0,9.0,Informal conversation between a couple at Florida International University,Education_YouthOrganizations
Miami,12333.0,2,2.0,2.0,7.0,Informal conversation between a couple at Florida International University,Casual_EverydayTalk
Miami,12341.0,4,2.5,2.5,8.0,Informal conversation between a couple at Florida International University,Casual_EverydayTalk
Miami,12350.0,2,3.0,3.0,12.0,Informal conversation between a couple at Florida International University,Casual_EverydayTalk
Miami,12351.0,8,1.75,1.5,11.0,Informal conversation between a couple at Florida International University,Casual_EverydayTalk
Miami,12356.0,2,7.0,7.0,11.0,Informal conversation between a couple at Florida International University,Education_YouthOrganizations
Miami,12382.0,4,3.0,3.0,11.0,Informal conversation between a couple at Florida International University,Education_YouthOrganizations
Miami,12384.0,4,3.0,3.0,13.0,Informal conversation between a couple at Florida International University,Casual_EverydayTalk
Miami,12386.0,4,1.5,1.5,6.0,Informal conversation between a couple at Florida International University,Casual_EverydayTalk
Miami,12396.0,4,1.5,1.5,7.0,Informal conversation between a couple at Florida International University,Casual_EverydayTalk
Miami,12403.0,6,1.6666666666666667,2.0,9.0,Informal conversation between a couple at Florida International University,Education_YouthOrganizations
Miami,12408.0,2,1.0,1.0,5.0,Informal conversation between a couple at Florida International University,Workplace_Technical
Miami,12419.0,8,2.0,1.5,11.0,Informal conversation between a couple at Florida International University,Casual_EverydayTalk
Miami,12433.0,2,1.0,1.0,4.0,Informal conversation between a couple at Florida International University,Casual_EverydayTalk
Miami,12445.0,2,1.0,1.0,6.0,Informal conversation between a couple at Florida International University,Casual_EverydayTalk
Miami,12448.0,2,1.0,1.0,3.0,Informal conversation between a couple at Florida International University,Casual_EverydayTalk
Miami,12452.0,4,1.0,1.0,7.0,Informal conversation between a couple at Florida International University,Casual_EverydayTalk
Miami,12460.0,2,2.0,2.0,4.0,Informal conversation between a couple at Florida International University,Casual_EverydayTalk
Miami,12470.0,4,1.0,1.0,4.0,Informal conversation between a couple at Florida International University,Casual_EverydayTalk
Miami,12471.0,2,1.0,1.0,9.0,Informal conversation between a couple at Florida International University,Casual_EverydayTalk
Miami,12489.0,4,1.5,1.5,6.0,Informal conversation between a couple at Florida International University,Casual_EverydayTalk
Miami,12490.0,2,3.0,3.0,5.0,Informal conversation between a couple at Florida International University,Casual_EverydayTalk
Miami,12502.0,2,7.0,7.0,14.0,Informal conversation between a couple at Florida International University,Casual_EverydayTalk
Miami,12512.0,2,2.0,2.0,6.0,Informal conversation between a couple at Florida International University,Narratives_Quotations
Miami,12515.0,2,1.0,1.0,6.0,Informal conversation between a couple at Florida International University,Narratives_Quotations
Miami,12517.0,2,1.0,1.0,3.0,Informal conversation between a couple at Florida International University,Narratives_Quotations
Miami,12520.0,4,1.0,1.0,4.0,Informal conversation between a couple at Florida International University,Casual_EverydayTalk
Miami,12521.0,8,2.0,1.0,13.0,Informal conversation between a couple at Florida International University,Narratives_Quotations
Miami,12586.0,2,3.0,3.0,6.0,Informal conversation between a couple at Florida International University,Casual_EverydayTalk
Miami,12589.0,2,4.0,4.0,7.0,Informal conversation between a couple at Florida International University,Casual_EverydayTalk
Miami,12608.0,2,2.0,2.0,5.0,Informal conversation between a couple at Florida International University,Casual_EverydayTalk
Miami,12616.0,2,1.0,1.0,3.0,Informal conversation between a couple at Florida International University,Casual_EverydayTalk
Miami,12619.0,4,1.0,1.0,5.0,Informal conversation between a couple at Florida International University,Casual_EverydayTalk
Miami,12636.0,4,1.5,1.5,5.0,Informal conversation between a couple at Florida International University,Casual_EverydayTalk
Miami,12640.0,2,1.0,1.0,3.0,Informal conversation between a couple at Florida International University,Casual_EverydayTalk
Miami,12641.0,2,6.0,6.0,10.0,Informal conversation between a couple at Florida International University,Casual_EverydayTalk
Miami,12643.0,2,1.0,1.0,3.0,Informal conversation between a couple at Florida International University,Casual_EverydayTalk
Miami,12662.0,2,1.0,1.0,5.0,Informal conversation between a couple at Florida International University,Casual_EverydayTalk
Miami,12669.0,4,5.0,5.0,13.0,Informal conversation between a couple at Florida International University,Narratives_Quotations
Miami,12672.0,4,3.0,3.0,12.0,Informal conversation between a couple at Florida International University,Casual_EverydayTalk
Miami,12684.0,4,1.5,1.5,6.0,Informal conversation between a couple at Florida International University,Affect_Identity
Miami,12689.0,2,1.0,1.0,3.0,Informal conversation between a couple at Florida International University,Casual_EverydayTalk
Miami,12694.0,2,3.0,3.0,8.0,Informal conversation between a couple at Florida International University,Casual_EverydayTalk
Miami,12709.0,6,6.0,1.0,20.0,Informal conversation between a couple at Florida International University,Casual_EverydayTalk
Miami,12718.0,2,1.0,1.0,3.0,Informal conversation between a couple at Florida International University,Affect_Identity
Miami,12736.0,2,12.0,12.0,15.0,Informal conversation between a couple at Florida International University,Casual_EverydayTalk
Miami,12737.0,4,2.5,2.5,14.0,Informal conversation between a couple at Florida International University,Casual_EverydayTalk
Miami,12746.0,2,4.0,4.0,6.0,Informal conversation between a couple at Florida International University,Casual_EverydayTalk
Miami,12747.0,4,4.5,4.5,13.0,Informal conversation between a couple at Florida International University,Casual_EverydayTalk
Miami,12756.0,2,1.0,1.0,4.0,Informal conversation between a couple at Florida International University,Casual_EverydayTalk
Miami,12763.0,2,4.0,4.0,6.0,Informal conversation between a couple at Florida International University,Casual_EverydayTalk
Miami,12766.0,2,1.0,1.0,4.0,Informal conversation between a couple at Florida International University,ProperNouns_NamedEntities
Miami,12769.0,4,3.0,3.0,8.0,Informal conversation between a couple at Florida International University,Casual_EverydayTalk
Miami,12819.0,2,1.0,1.0,4.0,Informal conversation between a couple at Florida International University,Affect_Identity
Miami,12830.0,2,6.0,6.0,11.0,Informal conversation between a couple at Florida International University,Narratives_Quotations
Miami,12841.0,2,5.0,5.0,15.0,Informal conversation between a couple at Florida International University,Education_YouthOrganizations
Miami,12849.0,2,1.0,1.0,18.0,Informal conversation between a couple at Florida International University,Affect_Identity
Miami,12859.0,6,3.3333333333333335,2.0,15.0,Informal conversation between a couple at Florida International University,Narratives_Quotations
Miami,12873.0,2,1.0,1.0,8.0,Informal conversation between a couple at Florida International University,Affect_Identity
Miami,12879.0,2,1.0,1.0,4.0,Informal conversation between a couple at Florida International University,Casual_EverydayTalk
Miami,12896.0,2,1.0,1.0,12.0,Informal conversation between a couple at Florida International University,Casual_EverydayTalk
Miami,12902.0,6,3.3333333333333335,3.0,12.0,Informal conversation between a couple at Florida International University,Casual_EverydayTalk
Miami,12913.0,2,1.0,1.0,5.0,Informal conversation between a couple at Florida International University,Casual_EverydayTalk
Miami,12914.0,4,5.0,5.0,13.0,Informal conversation between a couple at Florida International University,Casual_EverydayTalk
Miami,12919.0,2,1.0,1.0,5.0,Informal conversation between a couple at Florida International University,Casual_EverydayTalk
Miami,12922.0,4,3.5,3.5,9.0,Informal conversation between a couple at Florida International University,Casual_EverydayTalk
Miami,12931.0,2,1.0,1.0,6.0,Informal conversation between a couple at Florida International University,Casual_EverydayTalk
Miami,12949.0,4,1.0,1.0,6.0,Informal conversation between a couple at Florida International University,Casual_EverydayTalk
Miami,12951.0,2,7.0,7.0,9.0,Informal conversation between a couple at Florida International University,Casual_EverydayTalk
Miami,12962.0,4,3.5,3.5,12.0,Informal conversation between a couple at Florida International University,Education_YouthOrganizations
Miami,12972.0,2,1.0,1.0,5.0,Informal conversation between a couple at Florida International University,Casual_EverydayTalk
Miami,12988.0,2,1.0,1.0,3.0,Informal conversation between a couple at Florida International University,Casual_EverydayTalk
Miami,13014.0,2,1.0,1.0,10.0,Informal conversation between a couple at Florida International University,Casual_EverydayTalk
Miami,13016.0,2,1.0,1.0,6.0,Informal conversation between a couple at Florida International University,Casual_EverydayTalk
Miami,13055.0,2,1.0,1.0,8.0,Informal conversation between a couple at Florida International University,Affect_Identity
Miami,13057.0,2,1.0,1.0,31.0,Informal conversation between a couple at Florida International University,Casual_EverydayTalk
Miami,13062.0,2,2.0,2.0,6.0,Informal conversation between a couple at Florida International University,Narratives_Quotations
Miami,13064.0,2,9.0,9.0,13.0,Informal conversation between a couple at Florida International University,Casual_EverydayTalk
Miami,13065.0,6,1.0,1.0,8.0,Informal conversation between a couple at Florida International University,Casual_EverydayTalk
Miami,13067.0,4,4.5,4.5,11.0,Informal conversation between a couple at Florida International University,Casual_EverydayTalk
Miami,13069.0,2,7.0,7.0,9.0,Informal conversation between a couple at Florida International University,Casual_EverydayTalk
Miami,13071.0,2,8.0,8.0,10.0,Informal conversation between a couple at Florida International University,Casual_EverydayTalk
Miami,13096.0,4,1.5,1.5,5.0,Informal conversation between a couple at Florida International University,Casual_EverydayTalk
Miami,13099.0,2,1.0,1.0,11.0,Informal conversation between a couple at Florida International University,Narratives_Quotations
Miami,13105.0,2,1.0,1.0,5.0,Informal conversation between a couple at Florida International University,Casual_EverydayTalk
Miami,13123.0,4,5.5,5.5,14.0,Informal conversation between a couple at Florida International University,Casual_EverydayTalk
Miami,13124.0,4,3.5,3.5,10.0,Informal conversation between a couple at Florida International University,Casual_EverydayTalk
Miami,13130.0,4,3.0,3.0,9.0,Informal conversation between a couple at Florida International University,Casual_EverydayTalk
Miami,13150.0,2,2.0,2.0,6.0,Informal conversation between a couple at Florida International University,Casual_EverydayTalk
Miami,13188.0,4,2.5,2.5,8.0,"Informal conversation between MAR and OSE, probably at OSE's place",Casual_EverydayTalk
Miami,13196.0,6,2.0,2.0,13.0,"Informal conversation between MAR and OSE, probably at OSE's place",Casual_EverydayTalk
Miami,13206.0,4,2.5,2.5,28.0,"Informal conversation between MAR and OSE, probably at OSE's place",Narratives_Quotations
Miami,13211.0,7,8.0,4.0,31.0,"Informal conversation between MAR and OSE, probably at OSE's place",Casual_EverydayTalk
Miami,13220.0,4,2.0,2.0,6.0,"Informal conversation between MAR and OSE, probably at OSE's place",Casual_EverydayTalk
Miami,13242.0,2,2.0,2.0,5.0,"Informal conversation between MAR and OSE, probably at OSE's place",Casual_EverydayTalk
Miami,13243.0,2,2.0,2.0,5.0,"Informal conversation between MAR and OSE, probably at OSE's place",Casual_EverydayTalk
Miami,13255.0,12,3.3333333333333335,2.5,28.0,"Informal conversation between MAR and OSE, probably at OSE's place",Casual_EverydayTalk
Miami,13258.0,4,9.0,9.0,20.0,"Informal conversation between MAR and OSE, probably at OSE's place",Casual_EverydayTalk
Miami,13260.0,2,3.0,3.0,5.0,"Informal conversation between MAR and OSE, probably at OSE's place",Casual_EverydayTalk
Miami,13264.0,2,5.0,5.0,7.0,"Informal conversation between MAR and OSE, probably at OSE's place",Casual_EverydayTalk
Miami,13273.0,2,1.0,1.0,5.0,"Informal conversation between MAR and OSE, probably at OSE's place",Casual_EverydayTalk
Miami,13306.0,2,2.0,2.0,5.0,"Informal conversation between MAR and OSE, probably at OSE's place",ProperNouns_NamedEntities
Miami,13329.0,2,2.0,2.0,4.0,"Informal conversation between MAR and OSE, probably at OSE's place",Casual_EverydayTalk
Miami,13334.0,2,1.0,1.0,3.0,"Informal conversation between MAR and OSE, probably at OSE's place",Affect_Identity
Miami,13339.0,4,1.0,1.0,16.0,"Informal conversation between MAR and OSE, probably at OSE's place",Casual_EverydayTalk
Miami,13356.0,2,1.0,1.0,4.0,"Informal conversation between MAR and OSE, probably at OSE's place",Casual_EverydayTalk
Miami,13373.0,2,9.0,9.0,15.0,"Informal conversation between MAR and OSE, probably at OSE's place",Casual_EverydayTalk
Miami,13375.0,2,2.0,2.0,6.0,"Informal conversation between MAR and OSE, probably at OSE's place",Narratives_Quotations
Miami,13385.0,2,9.0,9.0,13.0,"Informal conversation between MAR and OSE, probably at OSE's place",Casual_EverydayTalk
Miami,13395.0,4,5.5,5.5,18.0,"Informal conversation between MAR and OSE, probably at OSE's place",Casual_EverydayTalk
Miami,13405.0,2,5.0,5.0,12.0,"Informal conversation between MAR and OSE, probably at OSE's place",Casual_EverydayTalk
Miami,13406.0,6,2.0,2.0,11.0,"Informal conversation between MAR and OSE, probably at OSE's place",Casual_EverydayTalk
Miami,13408.0,2,3.0,3.0,7.0,"Informal conversation between MAR and OSE, probably at OSE's place",Casual_EverydayTalk
Miami,13411.0,2,1.0,1.0,8.0,"Informal conversation between MAR and OSE, probably at OSE's place",Narratives_Quotations
Miami,13413.0,4,1.5,1.5,5.0,"Informal conversation between MAR and OSE, probably at OSE's place",Narratives_Quotations
Miami,13414.0,4,4.5,4.5,12.0,"Informal conversation between MAR and OSE, probably at OSE's place",Narratives_Quotations
Miami,13437.0,2,15.0,15.0,17.0,"Informal conversation between MAR and OSE, probably at OSE's place",Narratives_Quotations
Miami,13470.0,2,2.0,2.0,6.0,"Informal conversation between MAR and OSE, probably at OSE's place",Casual_EverydayTalk
Miami,13477.0,2,2.0,2.0,9.0,"Informal conversation between MAR and OSE, probably at OSE's place",Casual_EverydayTalk
Miami,13492.0,2,2.0,2.0,6.0,"Informal conversation between MAR and OSE, probably at OSE's place",Casual_EverydayTalk
Miami,13531.0,2,3.0,3.0,6.0,"Informal conversation between MAR and OSE, probably at OSE's place",Affect_Identity
Miami,13552.0,2,1.0,1.0,10.0,"Informal conversation between MAR and OSE, probably at OSE's place",Casual_EverydayTalk
Miami,13554.0,2,1.0,1.0,5.0,"Informal conversation between MAR and OSE, probably at OSE's place",Casual_EverydayTalk
Miami,13556.0,6,1.6666666666666667,1.0,14.0,"Informal conversation between MAR and OSE, probably at OSE's place",Casual_EverydayTalk
Miami,13562.0,2,7.0,7.0,15.0,"Informal conversation between MAR and OSE, probably at OSE's place",Casual_EverydayTalk
Miami,13566.0,4,5.0,5.0,13.0,"Informal conversation between MAR and OSE, probably at OSE's place",Casual_EverydayTalk
Miami,13568.0,2,10.0,10.0,17.0,"Informal conversation between MAR and OSE, probably at OSE's place",Casual_EverydayTalk
Miami,13576.0,4,5.0,5.0,12.0,Informal conversation between two neighbours at Marcela's house,Narratives_Quotations
Miami,13609.0,2,1.0,1.0,7.0,Informal conversation between two neighbours at Marcela's house,Narratives_Quotations
Miami,13634.0,6,1.6666666666666667,1.0,7.0,Informal conversation between two neighbours at Marcela's house,Casual_EverydayTalk
Miami,13635.0,2,14.0,14.0,16.0,Informal conversation between two neighbours at Marcela's house,Narratives_Quotations
Miami,13662.0,4,6.5,6.5,16.0,Informal conversation between two neighbours at Marcela's house,Narratives_Quotations
Miami,13684.0,6,3.0,2.0,12.0,Informal conversation between two neighbours at Marcela's house,Casual_EverydayTalk
Miami,13685.0,2,4.0,4.0,13.0,Informal conversation between two neighbours at Marcela's house,Casual_EverydayTalk
Miami,13686.0,2,4.0,4.0,9.0,Informal conversation between two neighbours at Marcela's house,Narratives_Quotations
Miami,13705.0,2,1.0,1.0,6.0,Informal conversation between two neighbours at Marcela's house,Casual_EverydayTalk
Miami,13709.0,4,1.5,1.5,5.0,Informal conversation between two neighbours at Marcela's house,Casual_EverydayTalk
Miami,13714.0,4,1.0,1.0,5.0,Informal conversation between two neighbours at Marcela's house,ProperNouns_NamedEntities
Miami,13719.0,2,13.0,13.0,16.0,Informal conversation between two neighbours at Marcela's house,Narratives_Quotations
Miami,13724.0,6,3.6666666666666665,3.0,13.0,Informal conversation between two neighbours at Marcela's house,Narratives_Quotations
Miami,13729.0,2,3.0,3.0,5.0,Informal conversation between two neighbours at Marcela's house,Narratives_Quotations
Miami,13807.0,2,7.0,7.0,13.0,Informal conversation between two neighbours at Marcela's house,Narratives_Quotations
Miami,13821.0,2,5.0,5.0,7.0,Informal conversation between two neighbours at Marcela's house,Narratives_Quotations
Miami,13822.0,2,4.0,4.0,6.0,Informal conversation between two neighbours at Marcela's house,Narratives_Quotations
Miami,13830.0,4,4.5,4.5,11.0,Informal conversation between two neighbours at Marcela's house,Casual_EverydayTalk
Miami,13835.0,2,4.0,4.0,8.0,Informal conversation between two neighbours at Marcela's house,Casual_EverydayTalk
Miami,13841.0,2,6.0,6.0,9.0,Informal conversation between two neighbours at Marcela's house,Education_YouthOrganizations
Miami,13842.0,2,1.0,1.0,4.0,Informal conversation between two neighbours at Marcela's house,Casual_EverydayTalk
Miami,13845.0,2,2.0,2.0,11.0,Informal conversation between two neighbours at Marcela's house,Education_YouthOrganizations
Miami,13847.0,2,4.0,4.0,6.0,Informal conversation between two neighbours at Marcela's house,Education_YouthOrganizations
Miami,13877.0,2,2.0,2.0,6.0,Informal conversation between two neighbours at Marcela's house,Casual_EverydayTalk
Miami,13917.0,2,12.0,12.0,15.0,Informal conversation between two neighbours at Marcela's house,Casual_EverydayTalk
Miami,13936.0,2,9.0,9.0,11.0,Informal conversation between two neighbours at Marcela's house,Casual_EverydayTalk
Miami,13948.0,2,10.0,10.0,19.0,Informal conversation between two neighbours at Marcela's house,Narratives_Quotations
Miami,13957.0,6,4.0,3.0,25.0,Informal conversation between two neighbours at Marcela's house,Casual_EverydayTalk
Miami,13979.0,2,9.0,9.0,11.0,Informal conversation between two neighbours at Marcela's house,Casual_EverydayTalk
Miami,13989.0,2,5.0,5.0,9.0,Informal conversation between two neighbours at Marcela's house,Casual_EverydayTalk
Miami,13991.0,4,2.5,2.5,9.0,Informal conversation between two neighbours at Marcela's house,Casual_EverydayTalk
Miami,13996.0,2,8.0,8.0,12.0,Informal conversation between two neighbours at Marcela's house,Casual_EverydayTalk
Miami,14008.0,4,6.5,6.5,15.0,Informal conversation between two neighbours at Marcela's house,Narratives_Quotations
Miami,14028.0,2,5.0,5.0,10.0,Informal conversation between two neighbours at Marcela's house,Casual_EverydayTalk
Miami,14030.0,2,3.0,3.0,7.0,Informal conversation between two neighbours at Marcela's house,Casual_EverydayTalk
Miami,14049.0,6,5.666666666666667,6.0,26.0,Informal conversation between two neighbours at Marcela's house,Casual_EverydayTalk
Miami,14059.0,2,5.0,5.0,9.0,Informal conversation between two neighbours at Marcela's house,Narratives_Quotations
Miami,14063.0,2,2.0,2.0,13.0,Informal conversation between two neighbours at Marcela's house,Casual_EverydayTalk
Miami,14071.0,2,6.0,6.0,15.0,Informal conversation between two neighbours at Marcela's house,Casual_EverydayTalk
Miami,14079.0,2,12.0,12.0,14.0,Informal conversation between two neighbours at Marcela's house,Casual_EverydayTalk
Miami,14081.0,2,4.0,4.0,6.0,Informal conversation between two neighbours at Marcela's house,Casual_EverydayTalk
Miami,14084.0,4,4.0,4.0,13.0,Informal conversation between two neighbours at Marcela's house,Narratives_Quotations
Miami,14091.0,2,10.0,10.0,16.0,Informal conversation between two neighbours at Marcela's house,Casual_EverydayTalk
Miami,14102.0,2,1.0,1.0,8.0,Informal conversation between two neighbours at Marcela's house,Casual_EverydayTalk
Miami,14120.0,2,5.0,5.0,6.0,Informal conversation between two neighbours at Marcela's house,Casual_EverydayTalk
Miami,14123.0,2,3.0,3.0,5.0,Informal conversation between two neighbours at Marcela's house,Casual_EverydayTalk
Miami,14164.0,2,2.0,2.0,5.0,Informal conversation between two neighbours at Marcela's house,Narratives_Quotations
Miami,14167.0,2,2.0,2.0,7.0,Informal conversation between two neighbours at Marcela's house,Casual_EverydayTalk
Miami,14179.0,6,2.3333333333333335,1.0,13.0,Informal conversation between two neighbours at Marcela's house,Narratives_Quotations
Miami,14184.0,2,5.0,5.0,18.0,Informal conversation between two neighbours at Marcela's house,Casual_EverydayTalk
Miami,14188.0,4,2.0,2.0,17.0,Informal conversation between two neighbours at Marcela's house,Narratives_Quotations
Miami,14198.0,2,9.0,9.0,13.0,Informal conversation between two neighbours at Marcela's house,Casual_EverydayTalk
Miami,14221.0,2,2.0,2.0,4.0,Informal conversation between two neighbours at Marcela's house,Casual_EverydayTalk
Miami,14223.0,2,4.0,4.0,18.0,Informal conversation between two neighbours at Marcela's house,Casual_EverydayTalk
Miami,14224.0,2,1.0,1.0,3.0,Informal conversation between two neighbours at Marcela's house,Casual_EverydayTalk
Miami,14227.0,2,9.0,9.0,15.0,Informal conversation between two neighbours at Marcela's house,Narratives_Quotations
Miami,14272.0,2,1.0,1.0,4.0,Informal conversation between two neighbours at Marcela's house,Casual_EverydayTalk
Miami,14309.0,4,2.0,2.0,6.0,Informal conversation between two neighbours at Marcela's house,Casual_EverydayTalk
Miami,14319.0,2,1.0,1.0,3.0,Informal conversation between two neighbours at Marcela's house,Casual_EverydayTalk
Miami,14320.0,2,1.0,1.0,14.0,Informal conversation between two neighbours at Marcela's house,Narratives_Quotations
Miami,14323.0,4,4.5,4.5,11.0,Informal conversation between two neighbours at Marcela's house,Narratives_Quotations
Miami,14326.0,4,1.5,1.5,5.0,Informal conversation between two neighbours at Marcela's house,Casual_EverydayTalk
Miami,14327.0,4,1.5,1.5,5.0,Informal conversation between two neighbours at Marcela's house,Narratives_Quotations
Miami,14337.0,2,1.0,1.0,14.0,Informal conversation between two neighbours at Marcela's house,Casual_EverydayTalk
Miami,14338.0,2,1.0,1.0,5.0,Informal conversation between two neighbours at Marcela's house,Casual_EverydayTalk
Miami,14343.0,2,4.0,4.0,7.0,Informal conversation between two neighbours at Marcela's house,Casual_EverydayTalk
Miami,14344.0,6,2.6666666666666665,1.0,14.0,Informal conversation between two neighbours at Marcela's house,Casual_EverydayTalk
Miami,14407.0,2,4.0,4.0,7.0,Informal conversation between two neighbours at Marcela's house,Narratives_Quotations
Miami,14455.0,2,2.0,2.0,5.0,Informal conversation between two neighbours at Marcela's house,Casual_EverydayTalk
Miami,14482.0,2,6.0,6.0,7.0,Informal conversation between two neighbours at Marcela's house,Casual_EverydayTalk
Miami,14487.0,6,1.0,1.0,5.0,Informal conversation between two neighbours at Marcela's house,Casual_EverydayTalk
Miami,14500.0,4,1.0,1.0,7.0,Informal conversation between two neighbours at Marcela's house,Casual_EverydayTalk
Miami,14506.0,4,1.5,1.5,8.0,Informal conversation between two neighbours at Marcela's house,Casual_EverydayTalk
Miami,14509.0,2,5.0,5.0,7.0,Informal conversation between two neighbours at Marcela's house,Casual_EverydayTalk
Miami,14512.0,4,5.0,5.0,20.0,Informal conversation between two neighbours at Marcela's house,Casual_EverydayTalk
Miami,14522.0,4,1.5,1.5,6.0,Informal conversation between two neighbours at Marcela's house,Narratives_Quotations
Miami,14526.0,2,3.0,3.0,7.0,Informal conversation between two neighbours at Marcela's house,Casual_EverydayTalk
Miami,14545.0,2,5.0,5.0,10.0,Informal conversation between two neighbours at Marcela's house,Casual_EverydayTalk
Miami,14558.0,4,1.0,1.0,6.0,Informal conversation between two neighbours at Marcela's house,Casual_EverydayTalk
Miami,14570.0,8,1.75,1.0,9.0,Informal conversation between two neighbours at Marcela's house,Casual_EverydayTalk
Miami,14594.0,4,5.5,5.5,14.0,Informal conversation between two neighbours at Marcela's house,Casual_EverydayTalk
Miami,14609.0,4,6.5,6.5,26.0,Informal conversation between two neighbours at Marcela's house,Narratives_Quotations
Miami,14622.0,2,4.0,4.0,8.0,Informal conversation between two neighbours at Marcela's house,Narratives_Quotations
Miami,14636.0,2,6.0,6.0,8.0,Informal conversation between two neighbours at Marcela's house,Casual_EverydayTalk
Miami,14643.0,6,1.3333333333333333,1.0,8.0,Informal conversation between two neighbours at Marcela's house,Narratives_Quotations
Miami,14648.0,4,5.5,5.5,25.0,Informal conversation between two neighbours at Marcela's house,Narratives_Quotations
Miami,14652.0,4,2.5,2.5,7.0,Informal conversation between two neighbours at Marcela's house,Narratives_Quotations
Miami,14656.0,2,8.0,8.0,20.0,Informal conversation between two neighbours at Marcela's house,Narratives_Quotations
Miami,14683.0,2,5.0,5.0,7.0,Informal conversation between two neighbours at Marcela's house,Casual_EverydayTalk
Miami,14716.0,2,9.0,9.0,17.0,Informal conversation between two neighbours at Marcela's house,Narratives_Quotations
Miami,14731.0,2,11.0,11.0,21.0,Informal conversation between two neighbours at Marcela's house,Narratives_Quotations
Miami,14744.0,4,10.5,10.5,23.0,Informal conversation between two neighbours at Marcela's house,Narratives_Quotations
Miami,14748.0,4,5.5,5.5,13.0,Informal conversation between two neighbours at Marcela's house,Narratives_Quotations
Miami,14791.0,2,4.0,4.0,6.0,Informal conversation between two neighbours at Marcela's house,Casual_EverydayTalk
Miami,14829.0,2,5.0,5.0,7.0,Informal conversation between two neighbours at Marcela's house,Casual_EverydayTalk
Miami,14843.0,2,4.0,4.0,9.0,Informal conversation between two neighbours at Marcela's house,Casual_EverydayTalk
Miami,14845.0,2,4.0,4.0,6.0,Informal conversation between two neighbours at Marcela's house,Casual_EverydayTalk
Miami,14903.0,2,2.0,2.0,4.0,Informal conversation between two neighbours at Marcela's house,Casual_EverydayTalk
Miami,14905.0,2,2.0,2.0,10.0,Informal conversation between two neighbours at Marcela's house,Casual_EverydayTalk
Miami,14915.0,2,6.0,6.0,9.0,Informal conversation between two neighbours at Marcela's house,Casual_EverydayTalk
Miami,14921.0,2,6.0,6.0,11.0,Informal conversation between two neighbours at Marcela's house,Narratives_Quotations
Miami,14933.0,2,5.0,5.0,10.0,Informal conversation between two neighbours at Marcela's house,Narratives_Quotations
Miami,14938.0,6,2.0,1.0,8.0,Informal conversation between two neighbours at Marcela's house,Casual_EverydayTalk
Miami,14945.0,4,2.5,2.5,13.0,Informal conversation between two neighbours at Marcela's house,Narratives_Quotations
Miami,14948.0,2,1.0,1.0,17.0,Informal conversation between two neighbours at Marcela's house,Casual_EverydayTalk
Miami,14952.0,2,2.0,2.0,5.0,Informal conversation between two neighbours at Marcela's house,Casual_EverydayTalk
Miami,14954.0,2,2.0,2.0,6.0,Informal conversation between two neighbours at Marcela's house,Casual_EverydayTalk
Miami,14957.0,2,5.0,5.0,17.0,Informal conversation between two neighbours at Marcela's house,Casual_EverydayTalk
Miami,14974.0,2,14.0,14.0,19.0,Informal conversation between two neighbours at Marcela's house,Casual_EverydayTalk
Miami,14980.0,8,2.25,1.5,13.0,Informal conversation between two neighbours at Marcela's house,Casual_EverydayTalk
Miami,14990.0,2,7.0,7.0,9.0,Informal conversation between two neighbours at Marcela's house,Casual_EverydayTalk
Miami,14995.0,4,10.5,10.5,23.0,Informal conversation between two neighbours at Marcela's house,Casual_EverydayTalk
Miami,15000.0,2,4.0,4.0,6.0,Informal conversation between two neighbours at Marcela's house,Casual_EverydayTalk
Miami,15115.0,4,2.5,2.5,8.0,MAR is in her office talking to colleague.,Office_Logistics
Miami,15116.0,2,2.0,2.0,5.0,MAR is in her office talking to colleague.,Affect_Identity
Miami,15118.0,2,10.0,10.0,12.0,MAR is in her office talking to colleague.,Office_Logistics
Miami,15123.0,2,1.0,1.0,9.0,MAR is in her office talking to colleague.,Office_Logistics
Miami,15128.0,2,1.0,1.0,4.0,MAR is in her office talking to colleague.,Casual_EverydayTalk
Miami,15143.0,6,3.0,1.0,20.0,MAR is in her office talking to colleague.,Narratives_Quotations
Miami,15146.0,4,1.5,1.5,12.0,MAR is in her office talking to colleague.,Affect_Identity
Miami,15155.0,3,4.0,4.0,5.0,MAR is in her office talking to colleague.,Casual_EverydayTalk
Miami,15167.0,2,5.0,5.0,11.0,MAR is in her office talking to colleague.,Casual_EverydayTalk
Miami,15169.0,2,6.0,6.0,8.0,MAR is in her office talking to colleague.,Workplace_Technical
Miami,15177.0,2,13.0,13.0,15.0,MAR is in her office talking to colleague.,Casual_EverydayTalk
Miami,15207.0,4,4.0,4.0,15.0,MAR is in her office talking to colleague.,Office_Logistics
Miami,15236.0,2,3.0,3.0,10.0,MAR is in her office talking to colleague.,ProperNouns_NamedEntities
Miami,15243.0,2,7.0,7.0,9.0,MAR is in her office talking to colleague.,Office_Logistics
Miami,15245.0,2,2.0,2.0,6.0,MAR is in her office talking to colleague.,Office_Logistics
Miami,15264.0,4,1.5,1.5,5.0,MAR is in her office talking to colleague.,Casual_EverydayTalk
Miami,15280.0,4,1.5,1.5,5.0,MAR is in her office talking to colleague.,Office_Logistics
Miami,15379.0,4,5.5,5.5,14.0,MAR is in her office talking to colleague.,Office_Logistics
Miami,15380.0,2,1.0,1.0,10.0,MAR is in her office talking to colleague.,Casual_EverydayTalk
Miami,15405.0,2,3.0,3.0,5.0,MAR is in her office talking to colleague.,Casual_EverydayTalk
Miami,15413.0,2,1.0,1.0,3.0,MAR is in her office talking to colleague.,Casual_EverydayTalk
Miami,15460.0,2,1.0,1.0,5.0,MAR is in her office talking to colleague.,Office_Logistics
Miami,15464.0,2,4.0,4.0,6.0,MAR is in her office talking to colleague.,Casual_EverydayTalk
Miami,15466.0,2,3.0,3.0,5.0,MAR is in her office talking to colleague.,Casual_EverydayTalk
Miami,15492.0,2,2.0,2.0,4.0,MAR is in her office talking to colleague.,Architecture_Design
Miami,15506.0,2,4.0,4.0,6.0,MAR is in her office talking to colleague.,Casual_EverydayTalk
Miami,15611.0,2,1.0,1.0,3.0,MAR is in her office talking to colleague.,Workplace_Technical
Miami,15620.0,2,5.0,5.0,9.0,MAR is in her office talking to colleague.,Casual_EverydayTalk
Miami,15630.0,2,6.0,6.0,8.0,MAR is in her office talking to colleague.,Office_Logistics
Miami,16129.0,2,1.0,1.0,6.0,MAR is in her office talking to colleague.,Workplace_Technical
Miami,16190.0,4,2.0,2.0,6.0,MAR is in her office talking to colleague.,Office_Logistics
Miami,16207.0,2,2.0,2.0,9.0,MAR is in her office talking to colleague.,Casual_EverydayTalk
Miami,16318.0,2,1.0,1.0,8.0,Two friends chatting at Florida International University.,Casual_EverydayTalk
Miami,16405.0,2,1.0,1.0,9.0,Two friends chatting at Florida International University.,Casual_EverydayTalk
Miami,16408.0,4,4.5,4.5,16.0,Two friends chatting at Florida International University.,Casual_EverydayTalk
Miami,16422.0,2,1.0,1.0,4.0,Two friends chatting at Florida International University.,Casual_EverydayTalk
Miami,16522.0,2,2.0,2.0,4.0,Two friends chatting at Florida International University.,Casual_EverydayTalk
Miami,16760.0,2,4.0,4.0,6.0,Two friends chatting at Florida International University.,Casual_EverydayTalk
Miami,16785.0,2,6.0,6.0,9.0,Two friends chatting at Florida International University.,Casual_EverydayTalk
Miami,17223.0,2,1.0,1.0,5.0,Two friends chatting at Florida International University.,Casual_EverydayTalk
Miami,17295.0,2,6.0,6.0,8.0,Two friends chatting at Florida International University.,Narratives_Quotations
Miami,17315.0,2,4.0,4.0,7.0,Two friends chatting at Florida International University.,Casual_EverydayTalk
Miami,17808.0,4,3.0,3.0,8.0,MAR is in her office talking to colleague.,Workplace_Technical
Miami,17810.0,2,2.0,2.0,7.0,MAR is in her office talking to colleague.,Casual_EverydayTalk
Miami,17834.0,2,6.0,6.0,8.0,MAR is in her office talking to colleague.,Casual_EverydayTalk
Miami,17847.0,2,1.0,1.0,4.0,MAR is in her office talking to colleague.,Casual_EverydayTalk
Miami,17856.0,2,2.0,2.0,12.0,MAR is in her office talking to colleague.,Office_Logistics
Miami,17862.0,2,2.0,2.0,7.0,MAR is in her office talking to colleague.,Office_Logistics
Miami,17863.0,2,2.0,2.0,13.0,MAR is in her office talking to colleague.,Casual_EverydayTalk
Miami,17870.0,2,4.0,4.0,19.0,MAR is in her office talking to colleague.,Workplace_Technical
Miami,17892.0,6,3.3333333333333335,2.0,15.0,MAR is in her office talking to colleague.,Casual_EverydayTalk
Miami,17894.0,2,11.0,11.0,23.0,MAR is in her office talking to colleague.,Narratives_Quotations
Miami,17967.0,2,1.0,1.0,7.0,MAR is in her office talking to colleague.,Workplace_Technical
Miami,17969.0,2,1.0,1.0,6.0,MAR is in her office talking to colleague.,Narratives_Quotations
Miami,17989.0,4,3.5,3.5,13.0,MAR is in her office talking to colleague.,Casual_EverydayTalk
Miami,17992.0,2,5.0,5.0,16.0,MAR is in her office talking to colleague.,Office_Logistics
Miami,17999.0,2,2.0,2.0,7.0,MAR is in her office talking to colleague.,Narratives_Quotations
Miami,18004.0,2,1.0,1.0,3.0,MAR is in her office talking to colleague.,ProperNouns_NamedEntities
Miami,18010.0,6,3.0,1.0,13.0,MAR is in her office talking to colleague.,Workplace_Technical
Miami,18013.0,4,2.5,2.5,15.0,MAR is in her office talking to colleague.,Office_Logistics
Miami,18014.0,2,2.0,2.0,11.0,MAR is in her office talking to colleague.,Casual_EverydayTalk
Miami,18015.0,2,1.0,1.0,10.0,MAR is in her office talking to colleague.,Casual_EverydayTalk
Miami,18040.0,4,2.0,2.0,9.0,MAR is in her office talking to colleague.,Casual_EverydayTalk
Miami,18041.0,6,1.0,1.0,7.0,MAR is in her office talking to colleague.,Workplace_Technical
Miami,18051.0,2,8.0,8.0,13.0,MAR is in her office talking to colleague.,Casual_EverydayTalk
Miami,18079.0,4,4.5,4.5,20.0,MAR is in her office talking to colleague.,Narratives_Quotations
Miami,18081.0,4,2.5,2.5,7.0,MAR is in her office talking to colleague.,Narratives_Quotations
Miami,18097.0,2,4.0,4.0,6.0,MAR is in her office talking to colleague.,Casual_EverydayTalk
Miami,18110.0,2,1.0,1.0,3.0,MAR is in her office talking to colleague.,Workplace_Technical
Miami,18162.0,2,3.0,3.0,5.0,MAR is in her office talking to colleague.,Office_Logistics
Miami,18211.0,2,1.0,1.0,5.0,MAR is in her office talking to colleague.,Office_Logistics
Miami,18301.0,4,2.0,2.0,6.0,MAR is in her office talking to colleague.,Office_Logistics
Miami,18414.0,2,4.0,4.0,6.0,MAR is in her office talking to colleague.,Casual_EverydayTalk
Miami,18478.0,2,2.0,2.0,6.0,MAR is in her office talking to colleague.,ProperNouns_NamedEntities
Miami,18499.0,4,2.0,2.0,8.0,MAR is in her office talking to colleague.,Education_YouthOrganizations
Miami,18560.0,8,3.0,2.5,15.0,MAR is in her office talking to colleague.,Narratives_Quotations
Miami,18589.0,2,1.0,1.0,4.0,MAR is in her office talking to colleague.,Workplace_Technical
Miami,18649.0,2,1.0,1.0,5.0,MAR is in her office talking to colleague.,Affect_Identity
Miami,18743.0,2,1.0,1.0,6.0,MAR is in her office talking to colleague.,Casual_EverydayTalk
Miami,18776.0,2,3.0,3.0,5.0,MAR is in her office talking to colleague.,Affect_Identity
Miami,18778.0,2,2.0,2.0,5.0,MAR is in her office talking to colleague.,Office_Logistics
Miami,18788.0,4,2.0,2.0,9.0,MAR is in her office talking to colleague.,Office_Logistics
Miami,18868.0,2,4.0,4.0,6.0,MAR is in her office talking to colleague.,Affect_Identity
Miami,19078.0,4,1.0,1.0,11.0,Informal conversation between a couple in their living room,Casual_EverydayTalk
Miami,19082.0,2,9.0,9.0,12.0,Informal conversation between a couple in their living room,Narratives_Quotations
Miami,19148.0,2,1.0,1.0,6.0,Informal conversation between a couple in their living room,Casual_EverydayTalk
Miami,19151.0,2,1.0,1.0,4.0,Informal conversation between a couple in their living room,Casual_EverydayTalk
Miami,19159.0,2,2.0,2.0,13.0,Informal conversation between a couple in their living room,Casual_EverydayTalk
Miami,19165.0,2,1.0,1.0,7.0,Informal conversation between a couple in their living room,Casual_EverydayTalk
Miami,19168.0,2,5.0,5.0,8.0,Informal conversation between a couple in their living room,Casual_EverydayTalk
Miami,19181.0,6,2.0,1.0,10.0,Informal conversation between a couple in their living room,Casual_EverydayTalk
Miami,19190.0,4,5.0,5.0,13.0,Informal conversation between a couple in their living room,Casual_EverydayTalk
Miami,19195.0,4,1.0,1.0,19.0,Informal conversation between a couple in their living room,Narratives_Quotations
Miami,19199.0,4,7.0,7.0,21.0,Informal conversation between a couple in their living room,Narratives_Quotations
Miami,19201.0,4,3.0,3.0,12.0,Informal conversation between a couple in their living room,Narratives_Quotations
Miami,19205.0,2,1.0,1.0,5.0,Informal conversation between a couple in their living room,Casual_EverydayTalk
Miami,19209.0,2,5.0,5.0,9.0,Informal conversation between a couple in their living room,Narratives_Quotations
Miami,19216.0,2,14.0,14.0,20.0,Informal conversation between a couple in their living room,Narratives_Quotations
Miami,19222.0,2,6.0,6.0,8.0,Informal conversation between a couple in their living room,Casual_EverydayTalk
Miami,19224.0,2,2.0,2.0,15.0,Informal conversation between a couple in their living room,Narratives_Quotations
Miami,19228.0,2,1.0,1.0,5.0,Informal conversation between a couple in their living room,ProperNouns_NamedEntities
Miami,19232.0,4,1.0,1.0,7.0,Informal conversation between a couple in their living room,Narratives_Quotations
Miami,19238.0,2,2.0,2.0,11.0,Informal conversation between a couple in their living room,ProperNouns_NamedEntities
Miami,19239.0,4,3.5,3.5,10.0,Informal conversation between a couple in their living room,Casual_EverydayTalk
Miami,19247.0,2,7.0,7.0,11.0,Informal conversation between a couple in their living room,ProperNouns_NamedEntities
Miami,19248.0,6,1.3333333333333333,1.0,7.0,Informal conversation between a couple in their living room,ProperNouns_NamedEntities
Miami,19256.0,2,5.0,5.0,9.0,Informal conversation between a couple in their living room,Narratives_Quotations
Miami,19257.0,6,4.666666666666667,5.0,16.0,Informal conversation between a couple in their living room,Casual_EverydayTalk
Miami,19272.0,4,2.5,2.5,15.0,Informal conversation between a couple in their living room,Narratives_Quotations
Miami,19282.0,2,3.0,3.0,5.0,Informal conversation between a couple in their living room,Casual_EverydayTalk
Miami,19302.0,4,5.5,5.5,19.0,Informal conversation between a couple in their living room,Casual_EverydayTalk
Miami,19305.0,2,12.0,12.0,15.0,Informal conversation between a couple in their living room,Casual_EverydayTalk
Miami,19316.0,4,9.5,9.5,25.0,Informal conversation between a couple in their living room,Casual_EverydayTalk
Miami,19341.0,2,3.0,3.0,7.0,Informal conversation between a couple in their living room,Casual_EverydayTalk
Miami,19342.0,4,6.0,6.0,27.0,Informal conversation between a couple in their living room,Narratives_Quotations
Miami,19346.0,2,4.0,4.0,9.0,Informal conversation between a couple in their living room,Narratives_Quotations
Miami,19347.0,4,2.5,2.5,15.0,Informal conversation between a couple in their living room,Narratives_Quotations
Miami,19348.0,4,2.0,2.0,6.0,Informal conversation between a couple in their living room,Casual_EverydayTalk
Miami,19356.0,4,2.0,2.0,5.0,Informal conversation between a couple in their living room,Casual_EverydayTalk
Miami,19375.0,4,1.5,1.5,13.0,Informal conversation between a couple in their living room,Casual_EverydayTalk
Miami,19381.0,2,2.0,2.0,4.0,Informal conversation between a couple in their living room,Casual_EverydayTalk
Miami,19386.0,4,1.5,1.5,7.0,Informal conversation between a couple in their living room,ProperNouns_NamedEntities
Miami,19387.0,4,2.0,2.0,6.0,Informal conversation between a couple in their living room,ProperNouns_NamedEntities
Miami,19393.0,4,1.0,1.0,9.0,Informal conversation between a couple in their living room,Narratives_Quotations
Miami,19397.0,2,7.0,7.0,10.0,Informal conversation between a couple in their living room,Narratives_Quotations
Miami,19401.0,2,2.0,2.0,6.0,Informal conversation between a couple in their living room,ProperNouns_NamedEntities
Miami,19403.0,2,6.0,6.0,8.0,Informal conversation between a couple in their living room,Education_YouthOrganizations
Miami,19404.0,2,5.0,5.0,11.0,Informal conversation between a couple in their living room,Narratives_Quotations
Miami,19420.0,2,3.0,3.0,5.0,Informal conversation between a couple in their living room,Casual_EverydayTalk
Miami,19431.0,8,5.5,3.5,26.0,Informal conversation between a couple in their living room,Narratives_Quotations
Miami,19445.0,2,1.0,1.0,9.0,Informal conversation between a couple in their living room,Casual_EverydayTalk
Miami,19449.0,4,9.0,9.0,20.0,Informal conversation between a couple in their living room,Narratives_Quotations
Miami,19452.0,2,3.0,3.0,6.0,Informal conversation between a couple in their living room,Casual_EverydayTalk
Miami,19489.0,4,5.0,5.0,13.0,Informal conversation between a couple in their living room,Casual_EverydayTalk
Miami,19517.0,2,2.0,2.0,4.0,Informal conversation between a couple in their living room,Casual_EverydayTalk
Miami,19527.0,2,4.0,4.0,6.0,Informal conversation between a couple in their living room,Casual_EverydayTalk
Miami,19531.0,4,2.0,2.0,10.0,Informal conversation between a couple in their living room,ProperNouns_NamedEntities
Miami,19532.0,2,2.0,2.0,7.0,Informal conversation between a couple in their living room,ProperNouns_NamedEntities
Miami,19533.0,2,1.0,1.0,6.0,Informal conversation between a couple in their living room,Casual_EverydayTalk
Miami,19536.0,6,4.666666666666667,4.0,16.0,Informal conversation between a couple in their living room,Casual_EverydayTalk
Miami,19537.0,2,7.0,7.0,17.0,Informal conversation between a couple in their living room,Narratives_Quotations
Miami,19538.0,2,6.0,6.0,8.0,Informal conversation between a couple in their living room,Narratives_Quotations
Miami,19539.0,4,3.5,3.5,9.0,Informal conversation between a couple in their living room,Narratives_Quotations
Miami,19548.0,4,2.5,2.5,7.0,Informal conversation between a couple in their living room,Narratives_Quotations
Miami,19566.0,2,1.0,1.0,3.0,Informal conversation between a couple in their living room,Casual_EverydayTalk
Miami,19577.0,2,4.0,4.0,9.0,Informal conversation between a couple in their living room,Casual_EverydayTalk
Miami,19592.0,2,5.0,5.0,7.0,Informal conversation between a couple in their living room,Narratives_Quotations
Miami,19594.0,2,10.0,10.0,15.0,Informal conversation between a couple in their living room,Narratives_Quotations
Miami,19611.0,4,3.5,3.5,16.0,Informal conversation between a couple in their living room,Casual_EverydayTalk
Miami,19612.0,3,9.0,9.0,10.0,Informal conversation between a couple in their living room,Casual_EverydayTalk
Miami,19621.0,2,11.0,11.0,12.0,Informal conversation between a couple in their living room,Casual_EverydayTalk
Miami,19638.0,2,2.0,2.0,7.0,Informal conversation between a couple in their living room,Casual_EverydayTalk
Miami,19646.0,4,1.5,1.5,17.0,Informal conversation between a couple in their living room,Narratives_Quotations
Miami,19651.0,2,1.0,1.0,3.0,Informal conversation between a couple in their living room,ProperNouns_NamedEntities
Miami,19672.0,8,3.75,2.0,17.0,Informal conversation between a couple in their living room,Casual_EverydayTalk
Miami,19674.0,2,6.0,6.0,11.0,Informal conversation between a couple in their living room,Narratives_Quotations
Miami,19717.0,6,5.333333333333333,2.0,21.0,Informal conversation between a couple in their living room,Narratives_Quotations
Miami,19723.0,2,5.0,5.0,10.0,Informal conversation between a couple in their living room,Casual_EverydayTalk
Miami,19735.0,2,7.0,7.0,10.0,Informal conversation between a couple in their living room,Narratives_Quotations
Miami,19762.0,2,6.0,6.0,14.0,Informal conversation between a couple in their living room,Casual_EverydayTalk
Miami,19770.0,4,4.0,4.0,13.0,Informal conversation between a couple in their living room,Casual_EverydayTalk
Miami,19772.0,6,1.6666666666666667,2.0,7.0,Informal conversation between a couple in their living room,Casual_EverydayTalk
Miami,19774.0,2,6.0,6.0,10.0,Informal conversation between a couple in their living room,Narratives_Quotations
Miami,19775.0,2,3.0,3.0,11.0,Informal conversation between a couple in their living room,Casual_EverydayTalk
Miami,20065.0,2,1.0,1.0,3.0,Informal conversation between two classmates at Florida International University,ProperNouns_NamedEntities
Miami,20760.0,2,1.0,1.0,6.0,Informal conversation between two classmates at Florida International University,Casual_EverydayTalk
Miami,20816.0,4,3.0,3.0,10.0,Informal conversation between a couple in their garden; their children join them for a while,Casual_EverydayTalk
Miami,20915.0,4,3.5,3.5,9.0,Informal conversation between a couple in their garden; their children join them for a while,Workplace_Technical
Miami,20928.0,2,7.0,7.0,9.0,Informal conversation between a couple in their garden; their children join them for a while,ProperNouns_NamedEntities
Miami,20939.0,4,3.5,3.5,16.0,Informal conversation between a couple in their garden; their children join them for a while,Casual_EverydayTalk
Miami,20945.0,2,5.0,5.0,7.0,Informal conversation between a couple in their garden; their children join them for a while,Casual_EverydayTalk
Miami,20967.0,2,6.0,6.0,11.0,Informal conversation between a couple in their garden; their children join them for a while,Casual_EverydayTalk
Miami,20986.0,2,5.0,5.0,7.0,Informal conversation between a couple in their garden; their children join them for a while,Casual_EverydayTalk
Miami,20998.0,2,7.0,7.0,12.0,Informal conversation between a couple in their garden; their children join them for a while,Casual_EverydayTalk
Miami,21010.0,2,9.0,9.0,12.0,Informal conversation between a couple in their garden; their children join them for a while,Narratives_Quotations
Miami,21019.0,2,1.0,1.0,3.0,Informal conversation between a couple in their garden; their children join them for a while,Casual_EverydayTalk
Miami,21058.0,2,1.0,1.0,4.0,Informal conversation between a couple in their garden; their children join them for a while,Narratives_Quotations
Miami,21061.0,2,1.0,1.0,9.0,Informal conversation between a couple in their garden; their children join them for a while,Affect_Identity
Miami,21130.0,6,1.0,1.0,9.0,Informal conversation between a couple in their garden; their children join them for a while,Casual_EverydayTalk
Miami,21133.0,2,1.0,1.0,3.0,Informal conversation between a couple in their garden; their children join them for a while,Affect_Identity
Miami,21282.0,2,3.0,3.0,5.0,Informal conversation between a couple in their garden; their children join them for a while,Casual_EverydayTalk
Miami,21340.0,2,4.0,4.0,7.0,Informal conversation between a couple in their garden; their children join them for a while,Narratives_Quotations
Miami,21345.0,4,6.5,6.5,17.0,Informal conversation between a couple in their garden; their children join them for a while,Affect_Identity
Miami,21347.0,4,5.5,5.5,14.0,Informal conversation between a couple in their garden; their children join them for a while,Casual_EverydayTalk
Miami,21348.0,2,6.0,6.0,14.0,Informal conversation between a couple in their garden; their children join them for a while,Casual_EverydayTalk
Miami,21349.0,2,6.0,6.0,7.0,Informal conversation between a couple in their garden; their children join them for a while,Casual_EverydayTalk
Miami,21354.0,2,8.0,8.0,10.0,Informal conversation between a couple in their garden; their children join them for a while,Casual_EverydayTalk
Miami,21387.0,2,1.0,1.0,3.0,Informal conversation between a couple in their garden; their children join them for a while,Casual_EverydayTalk
Miami,21528.0,4,1.5,1.5,9.0,Informal conversation between a couple in their garden; their children join them for a while,Casual_EverydayTalk
Miami,21611.0,2,1.0,1.0,7.0,Informal conversation between a couple in their garden; their children join them for a while,Casual_EverydayTalk
Miami,21662.0,5,3.5,3.5,8.0,Informal conversation between two cousins,Casual_EverydayTalk
Miami,21665.0,4,1.0,1.0,5.0,Informal conversation between two cousins,Narratives_Quotations
Miami,21672.0,2,2.0,2.0,5.0,Informal conversation between two cousins,Casual_EverydayTalk
Miami,21674.0,2,2.0,2.0,9.0,Informal conversation between two cousins,Casual_EverydayTalk
Miami,21685.0,6,2.3333333333333335,2.0,10.0,Informal conversation between two cousins,Affect_Identity
Miami,21736.0,2,1.0,1.0,9.0,Informal conversation between two cousins,Casual_EverydayTalk
Miami,21752.0,4,4.0,4.0,10.0,Informal conversation between two cousins,Affect_Identity
Miami,21760.0,3,4.0,4.0,8.0,Informal conversation between two cousins,Casual_EverydayTalk
Miami,21765.0,2,5.0,5.0,9.0,Informal conversation between two cousins,Narratives_Quotations
Miami,21771.0,2,2.0,2.0,8.0,Informal conversation between two cousins,Narratives_Quotations
Miami,21776.0,2,2.0,2.0,5.0,Informal conversation between two cousins,Casual_EverydayTalk
Miami,21800.0,2,2.0,2.0,5.0,Informal conversation between two cousins,Casual_EverydayTalk
Miami,21812.0,2,2.0,2.0,4.0,Informal conversation between two cousins,Casual_EverydayTalk
Miami,21836.0,2,1.0,1.0,7.0,Informal conversation between two cousins,Narratives_Quotations
Miami,21839.0,7,4.333333333333333,3.0,14.0,Informal conversation between two cousins,Narratives_Quotations
Miami,21852.0,2,1.0,1.0,5.0,Informal conversation between two cousins,Affect_Identity
Miami,21931.0,2,5.0,5.0,14.0,Informal conversation between two cousins,Casual_EverydayTalk
Miami,21969.0,2,1.0,1.0,11.0,Informal conversation between two cousins,Affect_Identity
Miami,21978.0,4,2.5,2.5,9.0,Informal conversation between two cousins,Narratives_Quotations
Miami,21979.0,8,1.75,1.0,9.0,Informal conversation between two cousins,Narratives_Quotations
Miami,21980.0,4,3.5,3.5,12.0,Informal conversation between two cousins,Narratives_Quotations
Miami,22013.0,2,3.0,3.0,20.0,Informal conversation between two cousins,Casual_EverydayTalk
Miami,22028.0,2,4.0,4.0,6.0,Informal conversation between two cousins,Casual_EverydayTalk
Miami,22032.0,2,3.0,3.0,5.0,Informal conversation between two cousins,Casual_EverydayTalk
Miami,22035.0,2,6.0,6.0,8.0,Informal conversation between two cousins,Casual_EverydayTalk
Miami,22036.0,4,3.0,3.0,10.0,Informal conversation between two cousins,Casual_EverydayTalk
Miami,22039.0,2,3.0,3.0,7.0,Informal conversation between two cousins,Narratives_Quotations
Miami,22045.0,2,2.0,2.0,4.0,Informal conversation between two cousins,Casual_EverydayTalk
Miami,22046.0,2,3.0,3.0,7.0,Informal conversation between two cousins,Narratives_Quotations
Miami,22048.0,2,4.0,4.0,9.0,Informal conversation between two cousins,Casual_EverydayTalk
Miami,22052.0,2,2.0,2.0,5.0,Informal conversation between two cousins,Casual_EverydayTalk
Miami,22063.0,2,13.0,13.0,15.0,Informal conversation between two cousins,Casual_EverydayTalk
Miami,22093.0,2,4.0,4.0,17.0,Informal conversation between two cousins,Casual_EverydayTalk
Miami,22099.0,2,5.0,5.0,7.0,Informal conversation between two cousins,Casual_EverydayTalk
Miami,22100.0,6,2.6666666666666665,2.0,10.0,Informal conversation between two cousins,Narratives_Quotations
Miami,22133.0,2,3.0,3.0,11.0,Informal conversation between two cousins,Narratives_Quotations
Miami,22142.0,4,3.0,3.0,18.0,Informal conversation between two cousins,Casual_EverydayTalk
Miami,22151.0,2,3.0,3.0,5.0,Informal conversation between two cousins,Casual_EverydayTalk
Miami,22223.0,2,1.0,1.0,17.0,Informal conversation between two cousins,Narratives_Quotations
Miami,22248.0,2,2.0,2.0,6.0,Informal conversation between two cousins,Casual_EverydayTalk
Miami,22261.0,4,7.0,7.0,18.0,Informal conversation between two cousins,Narratives_Quotations
Miami,22262.0,2,2.0,2.0,6.0,Informal conversation between two cousins,Casual_EverydayTalk
Miami,22449.0,2,2.0,2.0,5.0,Informal conversation between two cousins,Casual_EverydayTalk
Miami,22453.0,2,1.0,1.0,10.0,Informal conversation between two cousins,Casual_EverydayTalk
Miami,22456.0,2,4.0,4.0,6.0,Informal conversation between two cousins,Casual_EverydayTalk
Miami,22476.0,2,3.0,3.0,9.0,Informal conversation between two cousins,Narratives_Quotations
Miami,22480.0,2,2.0,2.0,4.0,Informal conversation between two cousins,Casual_EverydayTalk
Miami,22486.0,2,2.0,2.0,8.0,Informal conversation between two cousins,Casual_EverydayTalk
Miami,22583.0,2,6.0,6.0,20.0,Informal conversation between two cousins,Casual_EverydayTalk
Miami,22634.0,2,3.0,3.0,6.0,Informal conversation between two cousins,Casual_EverydayTalk
Miami,22664.0,2,11.0,11.0,13.0,Informal conversation between two cousins,Narratives_Quotations
Miami,22666.0,2,12.0,12.0,14.0,Informal conversation between two cousins,Casual_EverydayTalk
Miami,22675.0,2,2.0,2.0,6.0,Informal conversation between two cousins,Casual_EverydayTalk
Miami,22746.0,2,1.0,1.0,9.0,Informal conversation between two cousins,Casual_EverydayTalk
Miami,22771.0,2,1.0,1.0,3.0,Informal conversation between two cousins,Casual_EverydayTalk
Miami,22773.0,3,9.0,9.0,10.0,Informal conversation between two cousins,Casual_EverydayTalk
Miami,22927.0,2,1.0,1.0,17.0,Informal conversation between two cousins,Affect_Identity
Miami,22987.0,2,1.0,1.0,3.0,Informal conversation between two cousins,Affect_Identity
Miami,22990.0,2,1.0,1.0,5.0,Informal conversation between two cousins,Affect_Identity
Miami,22991.0,2,1.0,1.0,5.0,Informal conversation between two cousins,Affect_Identity
Miami,22993.0,2,1.0,1.0,5.0,Informal conversation between two cousins,Affect_Identity
Miami,23011.0,2,3.0,3.0,5.0,Informal conversation between two cousins,Casual_EverydayTalk
Miami,23053.0,2,3.0,3.0,5.0,Informal conversation between two cousins,Casual_EverydayTalk
Miami,23072.0,2,2.0,2.0,9.0,Informal conversation between two cousins,Affect_Identity
Miami,23091.0,2,3.0,3.0,5.0,Informal conversation between two cousins,Office_Logistics
Miami,23126.0,2,2.0,2.0,9.0,Informal conversation between two cousins,Casual_EverydayTalk
Miami,23129.0,2,15.0,15.0,17.0,Informal conversation between two cousins,Casual_EverydayTalk
Miami,23154.0,3,4.0,4.0,5.0,Informal conversation between two cousins,Casual_EverydayTalk
Miami,23186.0,4,3.0,3.0,7.0,Informal conversation between two cousins,Casual_EverydayTalk
Miami,23224.0,2,9.0,9.0,11.0,Informal conversation between two cousins,Casual_EverydayTalk
Miami,23228.0,2,13.0,13.0,19.0,Informal conversation between two cousins,Casual_EverydayTalk
Miami,23231.0,2,1.0,1.0,5.0,Informal conversation between two cousins,Casual_EverydayTalk
Miami,23247.0,2,3.0,3.0,6.0,Informal conversation between two cousins,Casual_EverydayTalk
Miami,23249.0,2,3.0,3.0,10.0,Informal conversation between two cousins,Casual_EverydayTalk
Miami,23274.0,2,5.0,5.0,8.0,Informal conversation between two cousins,Casual_EverydayTalk
Miami,23275.0,2,1.0,1.0,3.0,Informal conversation between two cousins,Workplace_Technical
Miami,23288.0,2,1.0,1.0,3.0,Informal conversation between two cousins,Casual_EverydayTalk
Miami,23320.0,2,1.0,1.0,3.0,Informal conversation between two cousins,Casual_EverydayTalk
Miami,23424.0,2,3.0,3.0,13.0,Informal conversation between two cousins,Narratives_Quotations
Miami,23432.0,2,3.0,3.0,5.0,Informal conversation between two cousins,Casual_EverydayTalk
Miami,23453.0,2,5.0,5.0,7.0,Informal conversation between two cousins,Casual_EverydayTalk
Miami,23456.0,4,3.0,3.0,9.0,Informal conversation between two cousins,Casual_EverydayTalk
Miami,23693.0,2,1.0,1.0,3.0,Informal conversation between two friends in Florida International University,Workplace_Technical
Miami,23694.0,2,5.0,5.0,7.0,Informal conversation between two friends in Florida International University,Casual_EverydayTalk
Miami,23712.0,2,1.0,1.0,4.0,Informal conversation between two friends in Florida International University,Narratives_Quotations
Miami,23714.0,2,1.0,1.0,6.0,Informal conversation between two friends in Florida International University,Narratives_Quotations
Miami,23716.0,4,1.0,1.0,4.0,Informal conversation between two friends in Florida International University,Casual_EverydayTalk
Miami,23718.0,2,2.0,2.0,5.0,Informal conversation between two friends in Florida International University,Casual_EverydayTalk
Miami,23724.0,2,4.0,4.0,5.0,Informal conversation between two friends in Florida International University,Casual_EverydayTalk
Miami,23830.0,2,2.0,2.0,6.0,Informal conversation between two friends in Florida International University,Casual_EverydayTalk
Miami,23982.0,2,2.0,2.0,8.0,Informal conversation between two friends in Florida International University,Casual_EverydayTalk
Miami,23983.0,4,2.0,2.0,7.0,Informal conversation between two friends in Florida International University,Casual_EverydayTalk
Miami,24004.0,2,1.0,1.0,6.0,Informal conversation between two friends in Florida International University,Casual_EverydayTalk
Miami,24007.0,2,6.0,6.0,9.0,Informal conversation between two friends in Florida International University,Casual_EverydayTalk
Miami,24023.0,4,2.0,2.0,22.0,Informal conversation between two friends in Florida International University,ProperNouns_NamedEntities
Miami,24118.0,6,2.0,2.0,9.0,Informal conversation between two friends in Florida International University,Narratives_Quotations
Miami,24171.0,4,2.0,2.0,8.0,Informal conversation between two friends in Florida International University,Affect_Identity
Miami,24220.0,2,8.0,8.0,14.0,Informal conversation between two friends in Florida International University,Casual_EverydayTalk
Miami,24439.0,2,3.0,3.0,5.0,Informal conversation between two friends in Florida International University,Affect_Identity
Miami,24445.0,2,2.0,2.0,7.0,Informal conversation between two friends in Florida International University,Casual_EverydayTalk
Miami,24474.0,8,1.75,1.0,13.0,Informal conversation between two friends in Florida International University,Casual_EverydayTalk
Miami,24477.0,4,1.5,1.5,5.0,Informal conversation between two friends in Florida International University,Affect_Identity
Miami,24478.0,2,2.0,2.0,4.0,Informal conversation between two friends in Florida International University,Affect_Identity
Miami,24482.0,2,10.0,10.0,12.0,Informal conversation between two cousins,Narratives_Quotations
Miami,24501.0,4,2.5,2.5,8.0,Informal conversation between two cousins,Casual_EverydayTalk
Miami,24502.0,4,3.5,3.5,10.0,Informal conversation between two cousins,Casual_EverydayTalk
Miami,24514.0,2,1.0,1.0,6.0,Informal conversation between two cousins,Casual_EverydayTalk
Miami,24533.0,2,7.0,7.0,14.0,Informal conversation between two cousins,Narratives_Quotations
Miami,24545.0,3,6.0,6.0,7.0,Informal conversation between two cousins,Casual_EverydayTalk
Miami,24546.0,4,3.5,3.5,12.0,Informal conversation between two cousins,Casual_EverydayTalk
Miami,24550.0,2,2.0,2.0,5.0,Informal conversation between two cousins,Casual_EverydayTalk
Miami,24561.0,4,1.5,1.5,7.0,Informal conversation between two cousins,Narratives_Quotations
Miami,24563.0,6,2.0,2.0,12.0,Informal conversation between two cousins,ProperNouns_NamedEntities
Miami,24564.0,2,2.0,2.0,6.0,Informal conversation between two cousins,Education_YouthOrganizations
Miami,24580.0,2,3.0,3.0,9.0,Informal conversation between two cousins,Casual_EverydayTalk
Miami,24603.0,2,15.0,15.0,20.0,Informal conversation between two cousins,Narratives_Quotations
Miami,24608.0,2,1.0,1.0,4.0,Informal conversation between two cousins,Casual_EverydayTalk
Miami,24615.0,2,2.0,2.0,12.0,Informal conversation between two cousins,Casual_EverydayTalk
Miami,24616.0,2,4.0,4.0,6.0,Informal conversation between two cousins,Casual_EverydayTalk
Miami,24648.0,4,1.5,1.5,5.0,Informal conversation between two cousins,Affect_Identity
Miami,24685.0,2,3.0,3.0,10.0,Informal conversation between two cousins,Casual_EverydayTalk
Miami,24720.0,2,6.0,6.0,8.0,Informal conversation between two cousins,Narratives_Quotations
Miami,24724.0,4,8.0,8.0,19.0,Informal conversation between two cousins,Casual_EverydayTalk
Miami,24726.0,2,7.0,7.0,9.0,Informal conversation between two cousins,Casual_EverydayTalk
Miami,24755.0,2,2.0,2.0,4.0,Informal conversation between two cousins,Casual_EverydayTalk
Miami,24757.0,4,1.0,1.0,10.0,Informal conversation between two cousins,ProperNouns_NamedEntities
Miami,24760.0,2,3.0,3.0,5.0,Informal conversation between two cousins,Casual_EverydayTalk
Miami,24774.0,2,3.0,3.0,14.0,Informal conversation between two cousins,Casual_EverydayTalk
Miami,24786.0,4,1.5,1.5,9.0,Informal conversation between two cousins,ProperNouns_NamedEntities
Miami,24793.0,2,3.0,3.0,5.0,Informal conversation between two cousins,Casual_EverydayTalk
Miami,24795.0,2,5.0,5.0,19.0,Informal conversation between two cousins,Narratives_Quotations
Miami,24827.0,2,1.0,1.0,4.0,Informal conversation between two cousins,Casual_EverydayTalk
Miami,24846.0,2,1.0,1.0,12.0,Informal conversation between two cousins,Narratives_Quotations
Miami,24847.0,4,4.0,4.0,10.0,Informal conversation between two cousins,Narratives_Quotations
Miami,24851.0,2,3.0,3.0,7.0,Informal conversation between two cousins,Casual_EverydayTalk
Miami,24878.0,4,5.0,5.0,15.0,Informal conversation between two cousins,Casual_EverydayTalk
Miami,24911.0,2,1.0,1.0,4.0,Informal conversation between two cousins,Affect_Identity
Miami,24973.0,6,3.0,3.0,16.0,Informal conversation between two cousins,ProperNouns_NamedEntities
Miami,24980.0,2,10.0,10.0,17.0,Informal conversation between two cousins,Casual_EverydayTalk
Miami,24982.0,3,4.0,4.0,8.0,Informal conversation between two cousins,Affect_Identity
Miami,24985.0,4,3.0,3.0,22.0,Informal conversation between two cousins,Casual_EverydayTalk
Miami,24988.0,4,1.0,1.0,16.0,Informal conversation between two cousins,Casual_EverydayTalk
Miami,24997.0,2,8.0,8.0,10.0,Informal conversation between two cousins,Casual_EverydayTalk
Miami,25005.0,6,2.3333333333333335,2.0,11.0,Informal conversation between two cousins,Narratives_Quotations
Miami,25006.0,2,5.0,5.0,18.0,Informal conversation between two cousins,Narratives_Quotations
Miami,25073.0,2,6.0,6.0,13.0,Informal conversation between two cousins,Education_YouthOrganizations
Miami,25083.0,2,1.0,1.0,6.0,Informal conversation between two cousins,Casual_EverydayTalk
Miami,25084.0,2,5.0,5.0,7.0,Informal conversation between two cousins,Casual_EverydayTalk
Miami,25150.0,2,6.0,6.0,24.0,Informal conversation between two cousins,Narratives_Quotations
Miami,25164.0,2,5.0,5.0,14.0,Informal conversation between two cousins,Affect_Identity
Miami,25193.0,2,5.0,5.0,8.0,Informal conversation between two cousins,Casual_EverydayTalk
Miami,25218.0,4,12.5,12.5,30.0,Informal conversation between three co-workers during their lunch hour,Workplace_Technical
Miami,25245.0,2,16.0,16.0,18.0,Informal conversation between three co-workers during their lunch hour,Workplace_Technical
Miami,25268.0,4,2.5,2.5,14.0,Informal conversation between three co-workers during their lunch hour,Workplace_Technical
Miami,25271.0,2,7.0,7.0,9.0,Informal conversation between three co-workers during their lunch hour,Education_YouthOrganizations
Miami,25279.0,4,4.5,4.5,21.0,Informal conversation between three co-workers during their lunch hour,Casual_EverydayTalk
Miami,25282.0,2,31.0,31.0,30.0,Informal conversation between three co-workers during their lunch hour,Casual_EverydayTalk
Miami,25283.0,3,2.0,2.0,3.0,Informal conversation between three co-workers during their lunch hour,Casual_EverydayTalk
Miami,25287.0,2,1.0,1.0,16.0,Informal conversation between three co-workers during their lunch hour,Workplace_Technical
Miami,25289.0,4,3.5,3.5,13.0,Informal conversation between three co-workers during their lunch hour,Office_Logistics
Miami,25290.0,2,5.0,5.0,11.0,Informal conversation between three co-workers during their lunch hour,Casual_EverydayTalk
Miami,25298.0,2,11.0,11.0,12.0,Informal conversation between three co-workers during their lunch hour,Casual_EverydayTalk
Miami,25299.0,4,6.0,6.0,21.0,Informal conversation between three co-workers during their lunch hour,Workplace_Technical
Miami,25317.0,2,3.0,3.0,5.0,Informal conversation between three co-workers during their lunch hour,Casual_EverydayTalk
Miami,25339.0,4,8.0,8.0,18.0,Informal conversation between three co-workers during their lunch hour,Workplace_Technical
Miami,25342.0,12,4.333333333333333,3.0,28.0,Informal conversation between three co-workers during their lunch hour,Education_YouthOrganizations
Miami,25343.0,2,3.0,3.0,5.0,Informal conversation between three co-workers during their lunch hour,ProperNouns_NamedEntities
Miami,25346.0,2,6.0,6.0,11.0,Informal conversation between three co-workers during their lunch hour,Narratives_Quotations
Miami,25349.0,2,1.0,1.0,4.0,Informal conversation between three co-workers during their lunch hour,Casual_EverydayTalk
Miami,25361.0,6,2.3333333333333335,1.0,15.0,Informal conversation between three co-workers during their lunch hour,Workplace_Technical
Miami,25364.0,2,10.0,10.0,12.0,Informal conversation between three co-workers during their lunch hour,Casual_EverydayTalk
Miami,25370.0,2,6.0,6.0,9.0,Informal conversation between three co-workers during their lunch hour,Casual_EverydayTalk
Miami,25383.0,4,2.5,2.5,17.0,Informal conversation between three co-workers during their lunch hour,Workplace_Technical
Miami,25384.0,4,9.0,9.0,20.0,Informal conversation between three co-workers during their lunch hour,Casual_EverydayTalk
Miami,25385.0,2,11.0,11.0,21.0,Informal conversation between three co-workers during their lunch hour,Education_YouthOrganizations
Miami,25402.0,2,4.0,4.0,7.0,Informal conversation between three co-workers during their lunch hour,Casual_EverydayTalk
Miami,25404.0,2,5.0,5.0,10.0,Informal conversation between three co-workers during their lunch hour,Casual_EverydayTalk
Miami,25408.0,2,10.0,10.0,12.0,Informal conversation between three co-workers during their lunch hour,Casual_EverydayTalk
Miami,25428.0,2,3.0,3.0,5.0,Informal conversation between three co-workers during their lunch hour,Casual_EverydayTalk
Miami,25438.0,6,2.3333333333333335,2.0,20.0,Informal conversation between three co-workers during their lunch hour,Narratives_Quotations
Miami,25446.0,2,7.0,7.0,10.0,Informal conversation between three co-workers during their lunch hour,Casual_EverydayTalk
Miami,25453.0,2,1.0,1.0,5.0,Informal conversation between three co-workers during their lunch hour,Affect_Identity
Miami,25455.0,2,3.0,3.0,6.0,Informal conversation between three co-workers during their lunch hour,Narratives_Quotations
Miami,25464.0,2,6.0,6.0,20.0,Informal conversation between three co-workers during their lunch hour,Casual_EverydayTalk
Miami,25475.0,4,2.5,2.5,7.0,Informal conversation between three co-workers during their lunch hour,Casual_EverydayTalk
Miami,25490.0,2,4.0,4.0,17.0,Informal conversation between three co-workers during their lunch hour,Narratives_Quotations
Miami,25507.0,12,2.0,1.0,30.0,Informal conversation between three co-workers during their lunch hour,Workplace_Technical
Miami,25509.0,6,1.0,1.0,5.0,Informal conversation between three co-workers during their lunch hour,Casual_EverydayTalk
Miami,25511.0,2,1.0,1.0,6.0,Informal conversation between three co-workers during their lunch hour,Workplace_Technical
Miami,25512.0,4,2.0,2.0,17.0,Informal conversation between three co-workers during their lunch hour,Workplace_Technical
Miami,25516.0,4,2.5,2.5,7.0,Informal conversation between three co-workers during their lunch hour,Workplace_Technical
Miami,25517.0,2,4.0,4.0,11.0,Informal conversation between three co-workers during their lunch hour,Narratives_Quotations
Miami,25532.0,4,1.0,1.0,5.0,Informal conversation between three co-workers during their lunch hour,Workplace_Technical
Miami,25535.0,2,7.0,7.0,13.0,Informal conversation between three co-workers during their lunch hour,Education_YouthOrganizations
Miami,25536.0,2,4.0,4.0,6.0,Informal conversation between three co-workers during their lunch hour,Casual_EverydayTalk
Miami,25552.0,2,6.0,6.0,7.0,Informal conversation between three co-workers during their lunch hour,Casual_EverydayTalk
Miami,25566.0,4,2.0,2.0,16.0,Informal conversation between three co-workers during their lunch hour,Workplace_Technical
Miami,25567.0,2,6.0,6.0,14.0,Informal conversation between three co-workers during their lunch hour,Narratives_Quotations
Miami,25570.0,2,3.0,3.0,11.0,Informal conversation between three co-workers during their lunch hour,Education_YouthOrganizations
Miami,25571.0,2,3.0,3.0,35.0,Informal conversation between three co-workers during their lunch hour,Narratives_Quotations
Miami,25585.0,4,3.5,3.5,10.0,Informal conversation between three co-workers during their lunch hour,Narratives_Quotations
Miami,25617.0,4,4.5,4.5,11.0,Informal conversation between three co-workers during their lunch hour,Narratives_Quotations
Miami,25619.0,2,2.0,2.0,4.0,Informal conversation between three co-workers during their lunch hour,Casual_EverydayTalk
Miami,25647.0,2,5.0,5.0,22.0,Informal conversation between three co-workers during their lunch hour,Casual_EverydayTalk
Miami,25666.0,6,1.0,1.0,10.0,Informal conversation between three co-workers during their lunch hour,Workplace_Technical
Miami,25671.0,2,5.0,5.0,18.0,Informal conversation between three co-workers during their lunch hour,Narratives_Quotations
Miami,25694.0,2,3.0,3.0,8.0,Informal conversation between three co-workers during their lunch hour,Casual_EverydayTalk
Miami,25704.0,2,1.0,1.0,4.0,Informal conversation between three co-workers during their lunch hour,Narratives_Quotations
Miami,25707.0,4,1.5,1.5,8.0,Informal conversation between three co-workers during their lunch hour,Casual_EverydayTalk
Miami,25709.0,3,5.0,5.0,7.0,Informal conversation between three co-workers during their lunch hour,Casual_EverydayTalk
Miami,25725.0,6,4.333333333333333,5.0,19.0,Informal conversation between three co-workers during their lunch hour,Workplace_Technical
Miami,25726.0,4,1.0,1.0,7.0,Informal conversation between three co-workers during their lunch hour,Workplace_Technical
Miami,25751.0,4,1.0,1.0,4.0,Informal conversation between three co-workers during their lunch hour,Workplace_Technical
Miami,25810.0,2,1.0,1.0,5.0,Informal conversation between three co-workers during their lunch hour,Casual_EverydayTalk
Miami,25831.0,4,1.0,1.0,4.0,Informal conversation between three co-workers during their lunch hour,Casual_EverydayTalk
Miami,25832.0,2,8.0,8.0,10.0,Informal conversation between three co-workers during their lunch hour,Casual_EverydayTalk
Miami,25839.0,2,1.0,1.0,3.0,Informal conversation between three co-workers during their lunch hour,Casual_EverydayTalk
Miami,25841.0,2,6.0,6.0,8.0,Informal conversation between three co-workers during their lunch hour,Narratives_Quotations
Miami,25867.0,2,2.0,2.0,11.0,Informal conversation between three co-workers during their lunch hour,Casual_EverydayTalk
Miami,25891.0,2,4.0,4.0,6.0,Informal conversation between three co-workers during their lunch hour,Casual_EverydayTalk
Miami,25896.0,2,8.0,8.0,9.0,Informal conversation between three co-workers during their lunch hour,Casual_EverydayTalk
Miami,25917.0,2,1.0,1.0,6.0,Informal conversation between three co-workers during their lunch hour,Casual_EverydayTalk
Miami,25923.0,2,6.0,6.0,10.0,Informal conversation between three co-workers during their lunch hour,Casual_EverydayTalk
Miami,25925.0,2,3.0,3.0,6.0,Informal conversation between three co-workers during their lunch hour,Casual_EverydayTalk
Miami,25932.0,4,4.0,4.0,12.0,Informal conversation between three co-workers during their lunch hour,Workplace_Technical
Miami,25935.0,2,3.0,3.0,10.0,Informal conversation between three co-workers during their lunch hour,Casual_EverydayTalk
Miami,25939.0,4,2.5,2.5,22.0,Informal conversation between three co-workers during their lunch hour,Narratives_Quotations
Miami,25942.0,2,7.0,7.0,9.0,Informal conversation between three co-workers during their lunch hour,Casual_EverydayTalk
Miami,25944.0,2,5.0,5.0,7.0,Informal conversation between three co-workers during their lunch hour,Workplace_Technical
Miami,25946.0,6,5.333333333333333,2.0,22.0,Informal conversation between three co-workers during their lunch hour,Workplace_Technical
Miami,25949.0,4,3.0,3.0,14.0,Informal conversation between three co-workers during their lunch hour,Casual_EverydayTalk
Miami,25966.0,2,4.0,4.0,9.0,Informal conversation between three co-workers during their lunch hour,Workplace_Technical
Miami,25970.0,3,7.0,7.0,8.0,Informal conversation between three co-workers during their lunch hour,Casual_EverydayTalk
Miami,25971.0,2,5.0,5.0,7.0,Informal conversation between three co-workers during their lunch hour,Narratives_Quotations
Miami,25985.0,4,3.0,3.0,18.0,Informal conversation between three co-workers during their lunch hour,Casual_EverydayTalk
Miami,26025.0,2,4.0,4.0,9.0,Informal conversation between three co-workers during their lunch hour,Casual_EverydayTalk
Miami,26028.0,6,2.3333333333333335,2.0,12.0,Informal conversation between three co-workers during their lunch hour,Workplace_Technical
Miami,26049.0,3,6.0,6.0,7.0,Informal conversation between three co-workers during their lunch hour,Casual_EverydayTalk
Miami,26054.0,3,11.0,11.0,16.0,Informal conversation between three co-workers during their lunch hour,Casual_EverydayTalk
Miami,26059.0,2,1.0,1.0,9.0,Informal conversation between three co-workers during their lunch hour,Casual_EverydayTalk
Miami,26061.0,3,10.0,10.0,11.0,Informal conversation between three co-workers during their lunch hour,Casual_EverydayTalk
Miami,26075.0,4,1.5,1.5,10.0,Informal conversation between three co-workers during their lunch hour,Narratives_Quotations
Miami,26080.0,2,1.0,1.0,7.0,Informal conversation between three co-workers during their lunch hour,Casual_EverydayTalk
Miami,26133.0,6,7.333333333333333,7.0,24.0,Informal conversation between three co-workers during their lunch hour,Casual_EverydayTalk
Miami,26134.0,4,1.5,1.5,6.0,Informal conversation between three co-workers during their lunch hour,Narratives_Quotations
Miami,26145.0,4,3.0,3.0,11.0,Informal conversation between three co-workers during their lunch hour,Narratives_Quotations
Miami,26147.0,4,3.0,3.0,15.0,Informal conversation between three co-workers during their lunch hour,Casual_EverydayTalk
Miami,26148.0,3,7.0,7.0,8.0,Informal conversation between three co-workers during their lunch hour,Office_Logistics
Miami,26150.0,6,2.6666666666666665,1.0,10.0,Informal conversation between three co-workers during their lunch hour,Office_Logistics
Miami,26182.0,8,2.25,1.0,11.0,Informal conversation between three co-workers during their lunch hour,Casual_EverydayTalk
Miami,26207.0,2,10.0,10.0,16.0,Informal conversation between three co-workers during their lunch hour,Narratives_Quotations
Miami,26210.0,4,2.5,2.5,11.0,Informal conversation between three co-workers during their lunch hour,Casual_EverydayTalk
Miami,26222.0,2,5.0,5.0,7.0,Informal conversation between three co-workers during their lunch hour,Casual_EverydayTalk
Miami,26224.0,2,4.0,4.0,8.0,Informal conversation between three co-workers during their lunch hour,Narratives_Quotations
Miami,26232.0,4,1.0,1.0,5.0,Informal conversation between three co-workers during their lunch hour,ProperNouns_NamedEntities
Miami,26251.0,2,3.0,3.0,5.0,Informal conversation between three co-workers during their lunch hour,Casual_EverydayTalk
Miami,26254.0,2,1.0,1.0,10.0,Informal conversation between three co-workers during their lunch hour,Casual_EverydayTalk
Miami,26259.0,6,1.6666666666666667,1.0,7.0,Informal conversation between three co-workers during their lunch hour,Workplace_Technical
Miami,26267.0,4,3.5,3.5,9.0,Informal conversation between three co-workers during their lunch hour,Casual_EverydayTalk
Miami,26406.0,2,5.0,5.0,7.0,Informal conversation between two cousins in a restaurant,Narratives_Quotations
Miami,26408.0,2,2.0,2.0,4.0,Informal conversation between two cousins in a restaurant,Casual_EverydayTalk
Miami,26413.0,2,2.0,2.0,8.0,Informal conversation between two cousins in a restaurant,Casual_EverydayTalk
Miami,26416.0,2,8.0,8.0,10.0,Informal conversation between two cousins in a restaurant,Casual_EverydayTalk
Miami,26432.0,3,5.0,5.0,6.0,Informal conversation between two cousins in a restaurant,Casual_EverydayTalk
Miami,26434.0,2,1.0,1.0,7.0,Informal conversation between two cousins in a restaurant,Casual_EverydayTalk
Miami,26439.0,8,4.5,2.5,19.0,Informal conversation between two cousins in a restaurant,Narratives_Quotations
Miami,26446.0,4,1.5,1.5,18.0,Informal conversation between two cousins in a restaurant,Casual_EverydayTalk
Miami,26450.0,4,3.5,3.5,12.0,Informal conversation between two cousins in a restaurant,Casual_EverydayTalk
Miami,26477.0,2,1.0,1.0,5.0,Informal conversation between two cousins in a restaurant,Casual_EverydayTalk
Miami,26478.0,2,5.0,5.0,10.0,Informal conversation between two cousins in a restaurant,Narratives_Quotations
Miami,26488.0,2,2.0,2.0,23.0,Informal conversation between two cousins in a restaurant,Narratives_Quotations
Miami,26495.0,2,4.0,4.0,7.0,Informal conversation between two cousins in a restaurant,Affect_Identity
Miami,26528.0,4,2.0,2.0,11.0,Informal conversation between two cousins in a restaurant,Casual_EverydayTalk
Miami,26529.0,2,3.0,3.0,5.0,Informal conversation between two cousins in a restaurant,Casual_EverydayTalk
Miami,26531.0,2,1.0,1.0,6.0,Informal conversation between two cousins in a restaurant,Casual_EverydayTalk
Miami,26602.0,2,3.0,3.0,7.0,Informal conversation between two cousins in a restaurant,ProperNouns_NamedEntities
Miami,26619.0,2,4.0,4.0,8.0,Informal conversation between two cousins in a restaurant,Casual_EverydayTalk
Miami,26646.0,4,8.5,8.5,21.0,Informal conversation between two cousins in a restaurant,Narratives_Quotations
Miami,26670.0,2,3.0,3.0,8.0,Informal conversation between two cousins in a restaurant,Narratives_Quotations
Miami,26684.0,2,1.0,1.0,10.0,Informal conversation between two cousins in a restaurant,Narratives_Quotations
Miami,26721.0,2,3.0,3.0,7.0,Informal conversation between two cousins in a restaurant,Casual_EverydayTalk
Miami,26723.0,2,9.0,9.0,16.0,Informal conversation between two cousins in a restaurant,Narratives_Quotations
Miami,26726.0,2,7.0,7.0,17.0,Informal conversation between two cousins in a restaurant,Casual_EverydayTalk
Miami,26787.0,4,3.0,3.0,8.0,Informal conversation between two cousins in a restaurant,Casual_EverydayTalk
Miami,26792.0,4,4.5,4.5,19.0,Informal conversation between two cousins in a restaurant,Narratives_Quotations
Miami,26804.0,2,5.0,5.0,14.0,Informal conversation between two cousins in a restaurant,Narratives_Quotations
Miami,26823.0,4,3.5,3.5,15.0,Informal conversation between two cousins in a restaurant,Casual_EverydayTalk
Miami,26844.0,2,7.0,7.0,9.0,Informal conversation between two cousins in a restaurant,Casual_EverydayTalk
Miami,26889.0,2,4.0,4.0,8.0,Informal conversation between two cousins in a restaurant,Casual_EverydayTalk
Miami,27101.0,4,1.5,1.5,12.0,Informal conversation between two cousins in a restaurant,Casual_EverydayTalk
Miami,27125.0,2,5.0,5.0,7.0,Informal conversation between two cousins in a restaurant,Narratives_Quotations
Miami,27214.0,2,3.0,3.0,9.0,Informal conversation between two cousins in a restaurant,Casual_EverydayTalk
Miami,27227.0,2,2.0,2.0,8.0,Informal conversation between two cousins in a restaurant,Casual_EverydayTalk
Miami,27230.0,2,5.0,5.0,12.0,Informal conversation between two cousins in a restaurant,Casual_EverydayTalk
Miami,27254.0,4,4.0,4.0,10.0,Informal conversation between two cousins in a restaurant,Narratives_Quotations
Miami,27258.0,2,5.0,5.0,8.0,Informal conversation between two cousins in a restaurant,Narratives_Quotations
Miami,27268.0,2,9.0,9.0,11.0,Informal conversation between two cousins in a restaurant,Casual_EverydayTalk
Miami,27273.0,4,3.5,3.5,18.0,Informal conversation between two cousins in a restaurant,Narratives_Quotations
Miami,27278.0,2,5.0,5.0,13.0,Informal conversation between two cousins in a restaurant,Casual_EverydayTalk
Miami,27284.0,2,11.0,11.0,13.0,Informal conversation between two cousins in a restaurant,Casual_EverydayTalk
Miami,27288.0,2,4.0,4.0,8.0,Informal conversation between two cousins in a restaurant,Casual_EverydayTalk
Miami,27290.0,2,3.0,3.0,5.0,Informal conversation between two cousins in a restaurant,Casual_EverydayTalk
Miami,27334.0,4,4.5,4.5,12.0,Informal conversation between two cousins in a restaurant,Narratives_Quotations
Miami,27401.0,6,1.6666666666666667,1.0,7.0,Informal conversation between two sisters at Kayla's workplace,Casual_EverydayTalk
Miami,27404.0,2,4.0,4.0,12.0,Informal conversation between two sisters at Kayla's workplace,Workplace_Technical
Miami,27412.0,2,5.0,5.0,7.0,Informal conversation between two sisters at Kayla's workplace,Casual_EverydayTalk
Miami,27414.0,2,4.0,4.0,10.0,Informal conversation between two sisters at Kayla's workplace,Casual_EverydayTalk
Miami,27423.0,2,14.0,14.0,16.0,Informal conversation between two sisters at Kayla's workplace,Casual_EverydayTalk
Miami,27432.0,2,23.0,23.0,30.0,Informal conversation between two sisters at Kayla's workplace,Casual_EverydayTalk
Miami,27437.0,2,8.0,8.0,14.0,Informal conversation between two sisters at Kayla's workplace,Casual_EverydayTalk
Miami,27461.0,2,2.0,2.0,5.0,Informal conversation between two sisters at Kayla's workplace,Workplace_Technical
Miami,27462.0,2,1.0,1.0,5.0,Informal conversation between two sisters at Kayla's workplace,ProperNouns_NamedEntities
Miami,27463.0,2,1.0,1.0,5.0,Informal conversation between two sisters at Kayla's workplace,Casual_EverydayTalk
Miami,27470.0,7,2.0,1.0,13.0,Informal conversation between two sisters at Kayla's workplace,Casual_EverydayTalk
Miami,27473.0,2,12.0,12.0,19.0,Informal conversation between two sisters at Kayla's workplace,Casual_EverydayTalk
Miami,27495.0,2,1.0,1.0,4.0,Informal conversation between two sisters at Kayla's workplace,Casual_EverydayTalk
Miami,27499.0,2,7.0,7.0,12.0,Informal conversation between two sisters at Kayla's workplace,Casual_EverydayTalk
Miami,27501.0,2,3.0,3.0,5.0,Informal conversation between two sisters at Kayla's workplace,Casual_EverydayTalk
Miami,27502.0,2,5.0,5.0,17.0,Informal conversation between two sisters at Kayla's workplace,Casual_EverydayTalk
Miami,27510.0,2,2.0,2.0,6.0,Informal conversation between two sisters at Kayla's workplace,Office_Logistics
Miami,27512.0,2,2.0,2.0,27.0,Informal conversation between two sisters at Kayla's workplace,Casual_EverydayTalk
Miami,27513.0,2,5.0,5.0,8.0,Informal conversation between two sisters at Kayla's workplace,Casual_EverydayTalk
Miami,27520.0,2,1.0,1.0,12.0,Informal conversation between two sisters at Kayla's workplace,Casual_EverydayTalk
Miami,27521.0,4,8.0,8.0,17.0,Informal conversation between two sisters at Kayla's workplace,Casual_EverydayTalk
Miami,27522.0,2,8.0,8.0,11.0,Informal conversation between two sisters at Kayla's workplace,Casual_EverydayTalk
Miami,27524.0,2,7.0,7.0,9.0,Informal conversation between two sisters at Kayla's workplace,Casual_EverydayTalk
Miami,27529.0,4,4.5,4.5,19.0,Informal conversation between two sisters at Kayla's workplace,Casual_EverydayTalk
Miami,27531.0,2,2.0,2.0,4.0,Informal conversation between two sisters at Kayla's workplace,Office_Logistics
Miami,27537.0,2,3.0,3.0,9.0,Informal conversation between two sisters at Kayla's workplace,Casual_EverydayTalk
Miami,27538.0,2,5.0,5.0,23.0,Informal conversation between two sisters at Kayla's workplace,Casual_EverydayTalk
Miami,27544.0,2,3.0,3.0,10.0,Informal conversation between two sisters at Kayla's workplace,Education_YouthOrganizations
Miami,27546.0,2,10.0,10.0,12.0,Informal conversation between two sisters at Kayla's workplace,Workplace_Technical
Miami,27582.0,2,2.0,2.0,5.0,Informal conversation between two sisters at Kayla's workplace,Casual_EverydayTalk
Miami,27604.0,2,5.0,5.0,7.0,Informal conversation between two sisters at Kayla's workplace,Casual_EverydayTalk
Miami,27609.0,2,4.0,4.0,8.0,Informal conversation between two sisters at Kayla's workplace,Casual_EverydayTalk
Miami,27610.0,2,6.0,6.0,9.0,Informal conversation between two sisters at Kayla's workplace,Casual_EverydayTalk
Miami,27611.0,2,4.0,4.0,13.0,Informal conversation between two sisters at Kayla's workplace,Casual_EverydayTalk
Miami,27616.0,2,5.0,5.0,6.0,Informal conversation between two sisters at Kayla's workplace,Narratives_Quotations
Miami,27635.0,6,4.333333333333333,2.0,17.0,Informal conversation between two sisters at Kayla's workplace,Casual_EverydayTalk
Miami,27660.0,4,1.5,1.5,19.0,Informal conversation between two sisters at Kayla's workplace,Narratives_Quotations
Miami,27663.0,2,8.0,8.0,10.0,Informal conversation between two sisters at Kayla's workplace,Narratives_Quotations
Miami,27667.0,2,3.0,3.0,8.0,Informal conversation between two sisters at Kayla's workplace,Casual_EverydayTalk
Miami,27672.0,2,3.0,3.0,14.0,Informal conversation between two sisters at Kayla's workplace,Casual_EverydayTalk
Miami,27674.0,2,3.0,3.0,9.0,Informal conversation between two sisters at Kayla's workplace,Casual_EverydayTalk
Miami,27677.0,4,4.0,4.0,10.0,Informal conversation between two sisters at Kayla's workplace,Casual_EverydayTalk
Miami,27684.0,2,8.0,8.0,13.0,Informal conversation between two sisters at Kayla's workplace,Casual_EverydayTalk
Miami,27685.0,2,8.0,8.0,12.0,Informal conversation between two sisters at Kayla's workplace,Casual_EverydayTalk
Miami,27698.0,7,2.3333333333333335,2.0,8.0,Informal conversation between two sisters at Kayla's workplace,Casual_EverydayTalk
Miami,27699.0,2,4.0,4.0,9.0,Informal conversation between two sisters at Kayla's workplace,Casual_EverydayTalk
Miami,27717.0,4,2.5,2.5,14.0,Informal conversation between two sisters at Kayla's workplace,Casual_EverydayTalk
Miami,27730.0,2,1.0,1.0,8.0,Informal conversation between two sisters at Kayla's workplace,Casual_EverydayTalk
Miami,27731.0,2,1.0,1.0,13.0,Informal conversation between two sisters at Kayla's workplace,Casual_EverydayTalk
Miami,27751.0,2,4.0,4.0,6.0,Informal conversation between two sisters at Kayla's workplace,Casual_EverydayTalk
Miami,27756.0,2,4.0,4.0,10.0,Informal conversation between two sisters at Kayla's workplace,Narratives_Quotations
Miami,27760.0,4,2.0,2.0,13.0,Informal conversation between two sisters at Kayla's workplace,Education_YouthOrganizations
Miami,27779.0,2,5.0,5.0,6.0,Informal conversation between two sisters at Kayla's workplace,Casual_EverydayTalk
Miami,27791.0,2,7.0,7.0,23.0,Informal conversation between two sisters at Kayla's workplace,Narratives_Quotations
Miami,27822.0,2,8.0,8.0,18.0,Informal conversation between two sisters at Kayla's workplace,Narratives_Quotations
Miami,27827.0,2,1.0,1.0,8.0,Informal conversation between two sisters at Kayla's workplace,Casual_EverydayTalk
Miami,27837.0,6,5.666666666666667,2.0,20.0,Informal conversation between two sisters at Kayla's workplace,Narratives_Quotations
Miami,27843.0,4,5.0,5.0,15.0,Informal conversation between two sisters at Kayla's workplace,Casual_EverydayTalk
Miami,27858.0,2,2.0,2.0,8.0,Informal conversation between two sisters at Kayla's workplace,Casual_EverydayTalk
Miami,27887.0,4,4.5,4.5,29.0,Informal conversation between two sisters at Kayla's workplace,Affect_Identity
Miami,27890.0,2,1.0,1.0,6.0,Informal conversation between two sisters at Kayla's workplace,Casual_EverydayTalk
Miami,27897.0,2,8.0,8.0,10.0,Informal conversation between two sisters at Kayla's workplace,Casual_EverydayTalk
Miami,27898.0,2,16.0,16.0,18.0,Informal conversation between two sisters at Kayla's workplace,Education_YouthOrganizations
Miami,27926.0,2,4.0,4.0,10.0,Informal conversation between two sisters at Kayla's workplace,Workplace_Technical
Miami,27930.0,4,1.5,1.5,6.0,Informal conversation between two sisters at Kayla's workplace,Casual_EverydayTalk
Miami,27934.0,2,1.0,1.0,6.0,Informal conversation between two sisters at Kayla's workplace,Casual_EverydayTalk
Miami,27935.0,2,3.0,3.0,9.0,Informal conversation between two sisters at Kayla's workplace,Casual_EverydayTalk
Miami,27937.0,2,6.0,6.0,8.0,Informal conversation between two sisters at Kayla's workplace,Casual_EverydayTalk
Miami,27949.0,2,4.0,4.0,6.0,Informal conversation between two sisters at Kayla's workplace,Casual_EverydayTalk
Miami,27951.0,2,6.0,6.0,12.0,Informal conversation between two sisters at Kayla's workplace,Casual_EverydayTalk
Miami,27963.0,2,5.0,5.0,7.0,Informal conversation between two sisters at Kayla's workplace,Casual_EverydayTalk
Miami,27969.0,2,6.0,6.0,14.0,Informal conversation between two sisters at Kayla's workplace,Office_Logistics
Miami,27980.0,6,2.6666666666666665,2.0,15.0,Informal conversation between two sisters at Kayla's workplace,Workplace_Technical
Miami,28033.0,2,12.0,12.0,14.0,Informal conversation between two sisters at Kayla's workplace,Casual_EverydayTalk
Miami,28040.0,2,6.0,6.0,9.0,Informal conversation between two sisters at Kayla's workplace,Casual_EverydayTalk
Miami,28042.0,2,1.0,1.0,4.0,Informal conversation between two sisters at Kayla's workplace,Casual_EverydayTalk
Miami,28059.0,2,1.0,1.0,8.0,Informal conversation between two sisters at Kayla's workplace,Casual_EverydayTalk
Miami,28067.0,4,5.5,5.5,18.0,Informal conversation between two sisters at Kayla's workplace,Narratives_Quotations
Miami,28086.0,4,2.0,2.0,14.0,Informal conversation between two sisters at Kayla's workplace,Narratives_Quotations
Miami,28099.0,4,3.5,3.5,10.0,Informal conversation between two sisters at Kayla's workplace,Casual_EverydayTalk
Miami,28102.0,2,2.0,2.0,11.0,Informal conversation between two sisters at Kayla's workplace,Casual_EverydayTalk
Miami,28113.0,2,4.0,4.0,14.0,Informal conversation between two sisters at Kayla's workplace,Casual_EverydayTalk
Miami,28117.0,2,1.0,1.0,8.0,Informal conversation between two sisters at Kayla's workplace,Casual_EverydayTalk
Miami,28118.0,2,12.0,12.0,32.0,Informal conversation between two sisters at Kayla's workplace,Casual_EverydayTalk
Miami,28123.0,2,3.0,3.0,12.0,Informal conversation between two sisters at Kayla's workplace,Casual_EverydayTalk
Miami,28127.0,2,9.0,9.0,18.0,Informal conversation between two sisters at Kayla's workplace,Casual_EverydayTalk
Miami,28130.0,4,3.0,3.0,11.0,Informal conversation between two sisters at Kayla's workplace,Casual_EverydayTalk
Miami,28131.0,2,3.0,3.0,11.0,Informal conversation between two sisters at Kayla's workplace,Casual_EverydayTalk
Miami,28136.0,2,2.0,2.0,7.0,Informal conversation between two sisters at Kayla's workplace,Narratives_Quotations
Miami,28146.0,2,3.0,3.0,8.0,Informal conversation between two sisters at Kayla's workplace,Narratives_Quotations
Miami,28150.0,2,1.0,1.0,6.0,Informal conversation between two sisters at Kayla's workplace,Casual_EverydayTalk
Miami,28161.0,2,3.0,3.0,8.0,Informal conversation between two sisters at Kayla's workplace,Workplace_Technical
Miami,28167.0,2,1.0,1.0,5.0,Informal conversation between two sisters at Kayla's workplace,Casual_EverydayTalk
Miami,28169.0,2,1.0,1.0,3.0,Informal conversation between two sisters at Kayla's workplace,Casual_EverydayTalk
Miami,28175.0,2,2.0,2.0,11.0,Informal conversation between two sisters at Kayla's workplace,Workplace_Technical
Miami,28179.0,2,11.0,11.0,14.0,Informal conversation between two sisters at Kayla's workplace,Narratives_Quotations
Miami,28191.0,2,4.0,4.0,7.0,Informal conversation between two sisters at Kayla's workplace,Narratives_Quotations
Miami,28229.0,2,3.0,3.0,9.0,Informal conversation between two sisters at Kayla's workplace,Casual_EverydayTalk
Miami,28232.0,2,3.0,3.0,11.0,Informal conversation between two sisters at Kayla's workplace,Narratives_Quotations
Miami,28240.0,2,1.0,1.0,12.0,Informal conversation between two sisters at Kayla's workplace,Casual_EverydayTalk
Miami,28251.0,2,1.0,1.0,6.0,Informal conversation between two sisters at Kayla's workplace,Casual_EverydayTalk
Miami,28267.0,4,3.0,3.0,11.0,Informal conversation between two sisters at Kayla's workplace,Narratives_Quotations
Miami,28270.0,2,3.0,3.0,12.0,Informal conversation between two sisters at Kayla's workplace,Casual_EverydayTalk
Miami,28271.0,2,12.0,12.0,17.0,Informal conversation between two sisters at Kayla's workplace,Casual_EverydayTalk
Miami,28275.0,4,2.5,2.5,8.0,Informal conversation between two sisters at Kayla's workplace,Casual_EverydayTalk
Miami,28281.0,2,14.0,14.0,17.0,Informal conversation between two sisters at Kayla's workplace,Casual_EverydayTalk
Miami,28295.0,2,8.0,8.0,10.0,Informal conversation between two sisters at Kayla's workplace,Casual_EverydayTalk
Miami,28296.0,4,2.0,2.0,13.0,Informal conversation between two sisters at Kayla's workplace,Casual_EverydayTalk
Miami,28304.0,4,7.0,7.0,19.0,Informal conversation between two sisters at Kayla's workplace,Casual_EverydayTalk
Miami,28337.0,2,1.0,1.0,6.0,Informal conversation between two sisters at Kayla's workplace,Casual_EverydayTalk
Miami,28339.0,2,9.0,9.0,11.0,Informal conversation between two sisters at Kayla's workplace,Casual_EverydayTalk
Miami,28349.0,2,1.0,1.0,9.0,Informal conversation between two sisters at Kayla's workplace,Casual_EverydayTalk
Miami,28353.0,2,2.0,2.0,12.0,Informal conversation between two sisters at Kayla's workplace,Casual_EverydayTalk
Miami,28371.0,2,1.0,1.0,6.0,Informal conversation between two sisters at Kayla's workplace,Workplace_Technical
Miami,28373.0,2,3.0,3.0,7.0,Informal conversation between two sisters at Kayla's workplace,Casual_EverydayTalk
Miami,28387.0,2,4.0,4.0,8.0,Informal conversation between two sisters at Kayla's workplace,Casual_EverydayTalk
Miami,28416.0,2,4.0,4.0,9.0,Informal conversation between two sisters at Kayla's workplace,Casual_EverydayTalk
Miami,28421.0,4,2.5,2.5,7.0,Informal conversation between two sisters at Kayla's workplace,ProperNouns_NamedEntities
Miami,28427.0,2,1.0,1.0,3.0,Informal conversation between two sisters at Kayla's workplace,ProperNouns_NamedEntities
Miami,28434.0,2,3.0,3.0,16.0,Informal conversation between two sisters at Kayla's workplace,Casual_EverydayTalk
Miami,28437.0,2,3.0,3.0,14.0,Informal conversation between two sisters at Kayla's workplace,Casual_EverydayTalk
Miami,28441.0,2,4.0,4.0,9.0,Informal conversation between two sisters at Kayla's workplace,Casual_EverydayTalk
Miami,28451.0,2,1.0,1.0,18.0,Informal conversation between two sisters at Kayla's workplace,Casual_EverydayTalk
Miami,28452.0,2,1.0,1.0,4.0,Informal conversation between two sisters at Kayla's workplace,ProperNouns_NamedEntities
Miami,28474.0,2,5.0,5.0,8.0,Informal conversation between two sisters at Kayla's workplace,Casual_EverydayTalk
Miami,28475.0,2,5.0,5.0,10.0,Informal conversation between two sisters at Kayla's workplace,Casual_EverydayTalk
Miami,28481.0,2,5.0,5.0,9.0,Informal conversation between two sisters at Kayla's workplace,Narratives_Quotations
Miami,28484.0,4,4.0,4.0,13.0,Informal conversation between two sisters at Kayla's workplace,Narratives_Quotations
Miami,28539.0,2,2.0,2.0,4.0,Informal conversation between two sisters at Kayla's workplace,Workplace_Technical
Miami,28558.0,4,3.5,3.5,9.0,Informal conversation between two sisters at Kayla's workplace,Casual_EverydayTalk
Miami,28569.0,2,5.0,5.0,14.0,Informal conversation between two sisters at Kayla's workplace,Casual_EverydayTalk
Miami,28572.0,2,1.0,1.0,9.0,Informal conversation between two sisters at Kayla's workplace,Casual_EverydayTalk
Miami,28584.0,4,1.5,1.5,5.0,Informal conversation between two sisters at Kayla's workplace,Casual_EverydayTalk
Miami,28634.0,2,1.0,1.0,6.0,Informal conversation between two sisters at Kayla's workplace,Casual_EverydayTalk
Miami,28644.0,2,2.0,2.0,6.0,Informal conversation between two sisters at Kayla's workplace,Casual_EverydayTalk
Miami,28652.0,2,8.0,8.0,11.0,Informal conversation between two sisters at Kayla's workplace,Education_YouthOrganizations
Miami,28654.0,2,5.0,5.0,8.0,Informal conversation between two sisters at Kayla's workplace,Education_YouthOrganizations
Miami,28659.0,2,3.0,3.0,10.0,Informal conversation between two sisters at Kayla's workplace,Casual_EverydayTalk
Miami,28672.0,2,1.0,1.0,8.0,Informal conversation between two sisters at Kayla's workplace,Casual_EverydayTalk
Miami,28677.0,2,4.0,4.0,13.0,Informal conversation between two sisters at Kayla's workplace,Narratives_Quotations
Miami,28678.0,4,6.5,6.5,15.0,Informal conversation between two sisters at Kayla's workplace,Education_YouthOrganizations
Miami,28682.0,2,3.0,3.0,7.0,Informal conversation between two sisters at Kayla's workplace,Casual_EverydayTalk
Miami,28688.0,2,3.0,3.0,5.0,Informal conversation between two sisters at Kayla's workplace,Casual_EverydayTalk
Miami,28699.0,5,3.5,3.5,13.0,Informal conversation between two sisters at Kayla's workplace,Casual_EverydayTalk
Miami,28717.0,2,3.0,3.0,6.0,Informal conversation between two sisters at Kayla's workplace,Casual_EverydayTalk
Miami,28718.0,2,11.0,11.0,12.0,Informal conversation between two sisters at Kayla's workplace,Casual_EverydayTalk
Miami,28722.0,2,1.0,1.0,4.0,Informal conversation between two sisters at Kayla's workplace,Casual_EverydayTalk
Miami,28754.0,2,3.0,3.0,5.0,Informal conversation between two sisters at Kayla's workplace,Casual_EverydayTalk
Miami,28767.0,2,8.0,8.0,17.0,Informal conversation between two sisters at Kayla's workplace,Casual_EverydayTalk
Miami,28770.0,2,8.0,8.0,13.0,Informal conversation between two sisters at Kayla's workplace,Casual_EverydayTalk
Miami,28775.0,6,8.333333333333334,8.0,26.0,Informal conversation between two sisters at Kayla's workplace,Narratives_Quotations
Miami,28782.0,4,2.0,2.0,15.0,Informal conversation between two sisters at Kayla's workplace,Narratives_Quotations
Miami,28798.0,2,5.0,5.0,11.0,Informal conversation between two sisters at Kayla's workplace,Casual_EverydayTalk
Miami,28800.0,2,2.0,2.0,8.0,Informal conversation between two sisters at Kayla's workplace,Workplace_Technical
Miami,28801.0,2,1.0,1.0,4.0,Informal conversation between two sisters at Kayla's workplace,Workplace_Technical
Miami,28803.0,2,1.0,1.0,13.0,Informal conversation between two sisters at Kayla's workplace,Casual_EverydayTalk
Miami,28806.0,4,4.5,4.5,17.0,Informal conversation between two sisters at Kayla's workplace,Narratives_Quotations
Miami,28811.0,8,2.5,2.5,12.0,Informal conversation between two sisters at Kayla's workplace,Casual_EverydayTalk
Miami,28814.0,2,2.0,2.0,13.0,Informal conversation between two sisters at Kayla's workplace,Narratives_Quotations
Miami,28822.0,2,7.0,7.0,9.0,Informal conversation between two sisters at Kayla's workplace,Casual_EverydayTalk
Miami,28839.0,2,6.0,6.0,8.0,Informal conversation between two sisters at Kayla's workplace,Casual_EverydayTalk
Miami,28868.0,2,1.0,1.0,8.0,Informal conversation between two sisters at Kayla's workplace,Casual_EverydayTalk
Miami,28894.0,2,3.0,3.0,14.0,Informal conversation between two workmates in a shopping mall café,Narratives_Quotations
Miami,28895.0,2,2.0,2.0,6.0,Informal conversation between two workmates in a shopping mall café,Casual_EverydayTalk
Miami,28900.0,2,11.0,11.0,13.0,Informal conversation between two workmates in a shopping mall café,Narratives_Quotations
Miami,28909.0,2,8.0,8.0,8.0,Informal conversation between two workmates in a shopping mall café,Casual_EverydayTalk
Miami,28931.0,4,8.0,8.0,23.0,Informal conversation between two workmates in a shopping mall café,Casual_EverydayTalk
Miami,28932.0,2,6.0,6.0,18.0,Informal conversation between two workmates in a shopping mall café,Narratives_Quotations
Miami,28944.0,4,6.5,6.5,19.0,Informal conversation between two workmates in a shopping mall café,Casual_EverydayTalk
Miami,28947.0,2,3.0,3.0,8.0,Informal conversation between two workmates in a shopping mall café,Narratives_Quotations
Miami,28949.0,4,3.0,3.0,16.0,Informal conversation between two workmates in a shopping mall café,Narratives_Quotations
Miami,28953.0,4,6.0,6.0,22.0,Informal conversation between two workmates in a shopping mall café,Narratives_Quotations
Miami,28956.0,2,7.0,7.0,9.0,Informal conversation between two workmates in a shopping mall café,Narratives_Quotations
Miami,28991.0,2,14.0,14.0,16.0,Informal conversation between two workmates in a shopping mall café,Casual_EverydayTalk
Miami,28997.0,2,3.0,3.0,7.0,Informal conversation between two workmates in a shopping mall café,Casual_EverydayTalk
Miami,29008.0,2,6.0,6.0,12.0,Informal conversation between two workmates in a shopping mall café,Narratives_Quotations
Miami,29040.0,4,2.5,2.5,8.0,Informal conversation between two workmates in a shopping mall café,Narratives_Quotations
Miami,29046.0,4,6.5,6.5,18.0,Informal conversation between two workmates in a shopping mall café,Narratives_Quotations
Miami,29092.0,2,2.0,2.0,6.0,Informal conversation between two workmates in a shopping mall café,Workplace_Technical
Miami,29102.0,4,1.5,1.5,9.0,Informal conversation between two workmates in a shopping mall café,Casual_EverydayTalk
Miami,29104.0,2,2.0,2.0,8.0,Informal conversation between two workmates in a shopping mall café,Workplace_Technical
Miami,29122.0,4,6.0,6.0,14.0,Informal conversation between two workmates in a shopping mall café,ProperNouns_NamedEntities
Miami,29148.0,2,10.0,10.0,15.0,Informal conversation between two workmates in a shopping mall café,Narratives_Quotations
Miami,29152.0,4,2.0,2.0,20.0,Informal conversation between two workmates in a shopping mall café,Narratives_Quotations
Miami,29171.0,4,4.0,4.0,10.0,Informal conversation between two workmates in a shopping mall café,Casual_EverydayTalk
Miami,29174.0,2,6.0,6.0,8.0,Informal conversation between two workmates in a shopping mall café,Casual_EverydayTalk
Miami,29226.0,2,5.0,5.0,9.0,Informal conversation between two workmates in a shopping mall café,ProperNouns_NamedEntities
Miami,29230.0,2,3.0,3.0,12.0,Informal conversation between two workmates in a shopping mall café,Narratives_Quotations
Miami,29234.0,6,4.0,3.0,16.0,Informal conversation between two workmates in a shopping mall café,Narratives_Quotations
Miami,29241.0,3,3.0,3.0,8.0,Informal conversation between two workmates in a shopping mall café,Casual_EverydayTalk
Miami,29251.0,2,3.0,3.0,10.0,Informal conversation between two workmates in a shopping mall café,Casual_EverydayTalk
Miami,29267.0,8,1.5,1.5,14.0,Informal conversation between two workmates in a shopping mall café,Casual_EverydayTalk
Miami,29347.0,2,2.0,2.0,8.0,Informal conversation between two workmates in a shopping mall café,Casual_EverydayTalk
Miami,29349.0,4,3.5,3.5,12.0,Informal conversation between two workmates in a shopping mall café,Casual_EverydayTalk
Miami,29351.0,4,1.0,1.0,10.0,Informal conversation between two workmates in a shopping mall café,Casual_EverydayTalk
Miami,29352.0,4,4.0,4.0,10.0,Informal conversation between two workmates in a shopping mall café,ProperNouns_NamedEntities
Miami,29377.0,4,5.0,5.0,17.0,Informal conversation between two workmates in a shopping mall café,Narratives_Quotations
Miami,29391.0,4,5.5,5.5,16.0,Informal conversation between two workmates in a shopping mall café,Casual_EverydayTalk
Miami,29465.0,2,3.0,3.0,5.0,Informal conversation between two workmates in a shopping mall café,Casual_EverydayTalk
Miami,29471.0,4,1.5,1.5,6.0,Informal conversation between two workmates in a shopping mall café,ProperNouns_NamedEntities
Miami,29489.0,2,1.0,1.0,15.0,Informal conversation between two workmates in a shopping mall café,Casual_EverydayTalk
Miami,29544.0,10,3.2,2.0,20.0,Informal conversation between two workmates in a shopping mall café,Casual_EverydayTalk
Miami,29547.0,2,2.0,2.0,5.0,Informal conversation between two workmates in a shopping mall café,Casual_EverydayTalk
Miami,29549.0,2,2.0,2.0,7.0,Informal conversation between two workmates in a shopping mall café,Casual_EverydayTalk
Miami,29558.0,4,5.0,5.0,13.0,Informal conversation between two workmates in a shopping mall café,Casual_EverydayTalk
Miami,29565.0,4,3.0,3.0,8.0,Informal conversation between two workmates in a shopping mall café,ProperNouns_NamedEntities
Miami,29576.0,2,7.0,7.0,11.0,Informal conversation between two workmates in a shopping mall café,Narratives_Quotations
Miami,29592.0,2,10.0,10.0,12.0,Informal conversation between two workmates in a shopping mall café,Casual_EverydayTalk
Miami,29597.0,2,7.0,7.0,13.0,Informal conversation between two workmates in a shopping mall café,Narratives_Quotations
Miami,29598.0,4,4.0,4.0,22.0,Informal conversation between two workmates in a shopping mall café,Narratives_Quotations
Miami,29603.0,2,5.0,5.0,7.0,Informal conversation between two workmates in a shopping mall café,Casual_EverydayTalk
Miami,29608.0,4,2.0,2.0,6.0,Informal conversation between two workmates in a shopping mall café,ProperNouns_NamedEntities
Miami,30731.0,6,4.5,4.5,9.0,Informal conversation between two sisters at Samantha's house,Casual_EverydayTalk
Miami,30745.0,4,2.0,2.0,6.0,Informal conversation between two sisters at Samantha's house,Casual_EverydayTalk
Miami,30783.0,2,2.0,2.0,6.0,Informal conversation between two sisters at Samantha's house,Casual_EverydayTalk
Miami,30784.0,4,1.5,1.5,7.0,Informal conversation between two sisters at Samantha's house,Casual_EverydayTalk
Miami,30786.0,2,4.0,4.0,8.0,Informal conversation between two sisters at Samantha's house,Narratives_Quotations
Miami,30818.0,4,2.0,2.0,6.0,Informal conversation between two sisters at Samantha's house,Narratives_Quotations
Miami,30873.0,6,3.3333333333333335,1.0,13.0,Informal conversation between two sisters at Samantha's house,Narratives_Quotations
Miami,30894.0,5,3.0,3.0,9.0,Informal conversation between two sisters at Samantha's house,Casual_EverydayTalk
Miami,30897.0,8,2.25,2.0,17.0,Informal conversation between two sisters at Samantha's house,Narratives_Quotations
Miami,30993.0,4,2.5,2.5,10.0,Informal conversation between two sisters at Samantha's house,Casual_EverydayTalk
Miami,31002.0,6,1.6666666666666667,1.0,11.0,Informal conversation between two sisters at Samantha's house,Narratives_Quotations
Miami,31030.0,4,7.0,7.0,16.0,Informal conversation between two sisters at Samantha's house,Casual_EverydayTalk
Miami,31032.0,2,3.0,3.0,5.0,Informal conversation between two sisters at Samantha's house,Casual_EverydayTalk
Miami,31048.0,2,2.0,2.0,7.0,Informal conversation between two sisters at Samantha's house,Casual_EverydayTalk
Miami,31053.0,4,5.0,5.0,12.0,Informal conversation between two sisters at Samantha's house,Narratives_Quotations
Miami,31067.0,2,3.0,3.0,8.0,Informal conversation between two sisters at Samantha's house,Narratives_Quotations
Miami,31073.0,2,5.0,5.0,7.0,Informal conversation between two sisters at Samantha's house,Casual_EverydayTalk
Miami,31078.0,2,11.0,11.0,15.0,Informal conversation between two sisters at Samantha's house,Narratives_Quotations
Miami,31090.0,2,7.0,7.0,9.0,Informal conversation between two sisters at Samantha's house,Casual_EverydayTalk
Miami,31092.0,2,2.0,2.0,4.0,Informal conversation between two sisters at Samantha's house,Narratives_Quotations
Miami,31093.0,4,2.0,2.0,16.0,Informal conversation between two sisters at Samantha's house,Narratives_Quotations
Miami,31096.0,2,17.0,17.0,20.0,Informal conversation between two sisters at Samantha's house,Narratives_Quotations
Miami,31115.0,2,10.0,10.0,12.0,Informal conversation between two sisters at Samantha's house,Narratives_Quotations
Miami,31134.0,2,8.0,8.0,10.0,Informal conversation between two sisters at Samantha's house,Casual_EverydayTalk
Miami,31135.0,8,2.75,2.0,13.0,Informal conversation between two sisters at Samantha's house,Narratives_Quotations
Miami,31147.0,6,3.3333333333333335,3.0,15.0,Informal conversation between two sisters at Samantha's house,Narratives_Quotations
Miami,31154.0,4,5.5,5.5,13.0,Informal conversation between two sisters at Samantha's house,Narratives_Quotations
Miami,31155.0,4,4.5,4.5,18.0,Informal conversation between two sisters at Samantha's house,Narratives_Quotations
Miami,31162.0,4,6.0,6.0,14.0,Informal conversation between two sisters at Samantha's house,Casual_EverydayTalk
Miami,31166.0,4,3.0,3.0,8.0,Informal conversation between two sisters at Samantha's house,Narratives_Quotations
Miami,31197.0,2,5.0,5.0,8.0,Informal conversation between two sisters at Samantha's house,Narratives_Quotations
Miami,31202.0,2,14.0,14.0,20.0,Informal conversation between two sisters at Samantha's house,Casual_EverydayTalk
Miami,31207.0,6,2.3333333333333335,2.0,11.0,Informal conversation between two sisters at Samantha's house,Casual_EverydayTalk
Miami,31211.0,2,4.0,4.0,10.0,Informal conversation between two sisters at Samantha's house,Casual_EverydayTalk
Miami,31216.0,4,3.0,3.0,10.0,Informal conversation between two sisters at Samantha's house,Casual_EverydayTalk
Miami,31218.0,2,6.0,6.0,8.0,Informal conversation between two sisters at Samantha's house,Casual_EverydayTalk
Miami,31222.0,2,6.0,6.0,8.0,Informal conversation between two sisters at Samantha's house,Narratives_Quotations
Miami,31233.0,2,1.0,1.0,4.0,Informal conversation between two sisters at Samantha's house,Casual_EverydayTalk
Miami,31243.0,4,4.0,4.0,11.0,Informal conversation between two sisters at Samantha's house,Casual_EverydayTalk
Miami,31245.0,2,3.0,3.0,11.0,Informal conversation between two sisters at Samantha's house,Narratives_Quotations
Miami,31280.0,2,2.0,2.0,5.0,Informal conversation between two sisters at Samantha's house,Narratives_Quotations
Miami,31345.0,2,7.0,7.0,9.0,Informal conversation between two sisters at Samantha's house,Narratives_Quotations
Miami,31350.0,2,7.0,7.0,9.0,Informal conversation between two sisters at Samantha's house,Casual_EverydayTalk
Miami,31364.0,2,11.0,11.0,13.0,Informal conversation between two sisters at Samantha's house,Narratives_Quotations
Miami,31395.0,2,23.0,23.0,25.0,Informal conversation between two sisters at Samantha's house,Narratives_Quotations
Miami,31401.0,2,24.0,24.0,26.0,Informal conversation between two sisters at Samantha's house,Narratives_Quotations
Miami,31440.0,2,5.0,5.0,12.0,Informal conversation between two sisters at Samantha's house,Casual_EverydayTalk
Miami,31492.0,2,5.0,5.0,7.0,Informal conversation between two sisters at Samantha's house,Casual_EverydayTalk
Miami,31500.0,2,8.0,8.0,10.0,Informal conversation between two sisters at Samantha's house,Casual_EverydayTalk
Miami,31518.0,2,6.0,6.0,10.0,Informal conversation between two sisters at Samantha's house,Narratives_Quotations
Miami,31542.0,4,2.5,2.5,8.0,Informal conversation between two sisters at Samantha's house,Casual_EverydayTalk
Miami,31544.0,2,3.0,3.0,6.0,Informal conversation between two sisters at Samantha's house,Narratives_Quotations
Miami,31579.0,2,5.0,5.0,7.0,Informal conversation between two sisters at Samantha's house,Casual_EverydayTalk
Miami,31580.0,2,1.0,1.0,5.0,Informal conversation between two sisters at Samantha's house,Casual_EverydayTalk
Miami,31602.0,2,7.0,7.0,13.0,Informal conversation between two sisters at Samantha's house,Narratives_Quotations
Miami,31649.0,2,9.0,9.0,11.0,Informal conversation between two sisters at Samantha's house,Narratives_Quotations
Miami,31652.0,2,7.0,7.0,11.0,Informal conversation between two sisters at Samantha's house,Narratives_Quotations
Miami,31657.0,2,7.0,7.0,11.0,Informal conversation between two sisters at Samantha's house,Narratives_Quotations
Miami,31710.0,2,1.0,1.0,4.0,Informal conversation between two sisters at Samantha's house,Casual_EverydayTalk
Miami,31729.0,4,1.0,1.0,6.0,Informal conversation between two sisters at Samantha's house,Narratives_Quotations
Miami,31766.0,2,1.0,1.0,3.0,Informal conversation between two sisters at Samantha's house,Casual_EverydayTalk
Miami,31777.0,2,4.0,4.0,11.0,Informal conversation between two sisters at Samantha's house,Education_YouthOrganizations
Miami,31800.0,2,1.0,1.0,7.0,Informal conversation between two sisters at Samantha's house,Narratives_Quotations
Miami,31811.0,4,2.0,2.0,11.0,Informal conversation between two sisters at Samantha's house,Casual_EverydayTalk
Miami,31847.0,2,10.0,10.0,12.0,Informal conversation between two sisters at Samantha's house,Narratives_Quotations
Miami,31895.0,2,3.0,3.0,6.0,Informal conversation between two sisters at Samantha's house,Casual_EverydayTalk
Miami,31901.0,2,3.0,3.0,7.0,Informal conversation between two sisters at Samantha's house,Casual_EverydayTalk
Miami,31905.0,2,1.0,1.0,3.0,Informal conversation between two sisters at Samantha's house,Casual_EverydayTalk
Miami,31968.0,2,2.0,2.0,6.0,Informal conversation between two sisters at Samantha's house,Narratives_Quotations
Miami,31993.0,2,3.0,3.0,5.0,Informal conversation between two sisters at Samantha's house,Narratives_Quotations
Miami,31998.0,2,3.0,3.0,5.0,Informal conversation between two sisters at Samantha's house,Casual_EverydayTalk
Miami,32092.0,4,3.0,3.0,19.0,MAR is in her office talking to colleague.,Casual_EverydayTalk
Miami,32093.0,16,2.875,2.0,25.0,MAR is in her office talking to colleague.,Narratives_Quotations
Miami,32094.0,4,3.5,3.5,9.0,MAR is in her office talking to colleague.,Casual_EverydayTalk
Miami,32102.0,4,2.5,2.5,8.0,MAR is in her office talking to colleague.,Narratives_Quotations
Miami,32104.0,8,4.5,5.0,21.0,MAR is in her office talking to colleague.,Casual_EverydayTalk
Miami,32111.0,18,2.0,1.0,20.0,MAR is in her office talking to colleague.,Narratives_Quotations
Miami,32116.0,10,2.0,2.0,13.0,MAR is in her office talking to colleague.,Workplace_Technical
Miami,32118.0,4,14.0,14.0,36.0,MAR is in her office talking to colleague.,Office_Logistics
Miami,32122.0,2,3.0,3.0,21.0,MAR is in her office talking to colleague.,Workplace_Technical
Miami,32127.0,4,8.0,8.0,43.0,MAR is in her office talking to colleague.,Casual_EverydayTalk
Miami,32129.0,4,7.5,7.5,38.0,MAR is in her office talking to colleague.,Workplace_Technical
Miami,32130.0,8,2.0,2.0,14.0,MAR is in her office talking to colleague.,Workplace_Technical
Miami,32155.0,6,2.3333333333333335,1.0,16.0,Informal conversation between two friends at the researcher's house,Education_YouthOrganizations
Miami,32156.0,2,1.0,1.0,8.0,Informal conversation between two friends at the researcher's house,Education_YouthOrganizations
Miami,32160.0,6,7.0,9.0,32.0,Informal conversation between two friends at the researcher's house,Education_YouthOrganizations
Miami,32174.0,2,3.0,3.0,5.0,Informal conversation between two friends at the researcher's house,Casual_EverydayTalk
Miami,32178.0,2,9.0,9.0,11.0,Informal conversation between two friends at the researcher's house,Casual_EverydayTalk
Miami,32179.0,2,1.0,1.0,7.0,Informal conversation between two friends at the researcher's house,Education_YouthOrganizations
Miami,32186.0,2,1.0,1.0,4.0,Informal conversation between two friends at the researcher's house,Affect_Identity
Miami,32201.0,2,1.0,1.0,6.0,Informal conversation between two friends at the researcher's house,Casual_EverydayTalk
Miami,32203.0,2,3.0,3.0,8.0,Informal conversation between two friends at the researcher's house,Casual_EverydayTalk
Miami,32241.0,2,8.0,8.0,9.0,Informal conversation between two friends at the researcher's house,Casual_EverydayTalk
Miami,32261.0,2,12.0,12.0,14.0,Informal conversation between two friends at the researcher's house,Casual_EverydayTalk
Miami,32270.0,2,13.0,13.0,19.0,Informal conversation between two friends at the researcher's house,Narratives_Quotations
Miami,32271.0,2,7.0,7.0,13.0,Informal conversation between two friends at the researcher's house,Narratives_Quotations
Miami,32340.0,2,4.0,4.0,6.0,Informal conversation between two friends at the researcher's house,Casual_EverydayTalk
Miami,32381.0,2,2.0,2.0,19.0,Informal conversation between two friends at the researcher's house,Narratives_Quotations
Miami,32404.0,2,1.0,1.0,8.0,Informal conversation between two friends at the researcher's house,Casual_EverydayTalk
Miami,32405.0,2,2.0,2.0,8.0,Informal conversation between two friends at the researcher's house,Casual_EverydayTalk
Miami,32410.0,4,2.0,2.0,12.0,Informal conversation between two friends at the researcher's house,Casual_EverydayTalk
Miami,32427.0,4,4.5,4.5,11.0,Informal conversation between two friends at the researcher's house,Casual_EverydayTalk
Miami,32429.0,2,5.0,5.0,7.0,Informal conversation between two friends at the researcher's house,Architecture_Design
Miami,32550.0,2,21.0,21.0,27.0,Informal conversation between two friends at the researcher's house,Casual_EverydayTalk
Miami,32562.0,4,1.0,1.0,5.0,Informal conversation between two friends at the researcher's house,Casual_EverydayTalk
Miami,32566.0,2,1.0,1.0,12.0,Informal conversation between two friends at the researcher's house,Narratives_Quotations
Miami,32582.0,2,18.0,18.0,20.0,Informal conversation between two friends at the researcher's house,ProperNouns_NamedEntities
Miami,32611.0,2,5.0,5.0,7.0,Informal conversation between two friends at the researcher's house,Casual_EverydayTalk
Miami,32624.0,2,34.0,34.0,35.0,Informal conversation between two friends at the researcher's house,Casual_EverydayTalk
Miami,32631.0,2,3.0,3.0,6.0,Informal conversation between two friends at the researcher's house,Casual_EverydayTalk
Miami,32649.0,2,15.0,15.0,17.0,Informal conversation between two friends at the researcher's house,Casual_EverydayTalk
Miami,32654.0,2,1.0,1.0,12.0,Informal conversation between two friends at the researcher's house,Casual_EverydayTalk
Miami,32686.0,4,3.0,3.0,21.0,Informal conversation between two friends at the researcher's house,Office_Logistics
Miami,32687.0,4,3.5,3.5,31.0,Informal conversation between two friends at the researcher's house,Office_Logistics
Miami,32700.0,2,6.0,6.0,8.0,Informal conversation between two friends at the researcher's house,Casual_EverydayTalk
Miami,32723.0,2,11.0,11.0,19.0,Informal conversation between two friends at the researcher's house,Narratives_Quotations
Miami,32768.0,2,4.0,4.0,13.0,Informal conversation between two friends at the researcher's house,Casual_EverydayTalk
Miami,32769.0,2,4.0,4.0,11.0,Informal conversation between two friends at the researcher's house,Casual_EverydayTalk
Miami,32774.0,2,2.0,2.0,19.0,Informal conversation between two friends at the researcher's house,Office_Logistics
Miami,32793.0,6,1.6666666666666667,1.0,9.0,Informal conversation between two friends at the researcher's house,Casual_EverydayTalk
Miami,32796.0,8,1.5,1.0,10.0,Informal conversation between two friends at the researcher's house,Casual_EverydayTalk
Miami,32807.0,2,6.0,6.0,8.0,Informal conversation between two friends at the researcher's house,Casual_EverydayTalk
Miami,32814.0,2,2.0,2.0,4.0,Informal conversation between two friends at the researcher's house,Casual_EverydayTalk
Miami,32818.0,4,2.0,2.0,6.0,Informal conversation between two friends at the researcher's house,Workplace_Technical
Miami,32821.0,2,2.0,2.0,12.0,Informal conversation between two friends at the researcher's house,Workplace_Technical
Miami,32822.0,2,1.0,1.0,4.0,Informal conversation between two friends at the researcher's house,ProperNouns_NamedEntities
Miami,32826.0,2,1.0,1.0,5.0,Informal conversation between two friends at the researcher's house,Casual_EverydayTalk
Miami,32828.0,2,4.0,4.0,14.0,Informal conversation between two friends at the researcher's house,Office_Logistics
Miami,32831.0,2,3.0,3.0,8.0,Informal conversation between two friends at the researcher's house,Casual_EverydayTalk
Miami,32832.0,4,1.5,1.5,8.0,Informal conversation between two friends at the researcher's house,Casual_EverydayTalk
Miami,32833.0,4,1.5,1.5,8.0,Informal conversation between two friends at the researcher's house,Casual_EverydayTalk
Miami,32840.0,2,3.0,3.0,10.0,Informal conversation between two friends at the researcher's house,Casual_EverydayTalk
Miami,32844.0,4,1.0,1.0,7.0,Informal conversation between two friends at the researcher's house,Workplace_Technical
Miami,32877.0,2,2.0,2.0,8.0,Informal conversation between two friends at the researcher's house,Casual_EverydayTalk
Miami,32891.0,2,7.0,7.0,9.0,Informal conversation between two friends at the researcher's house,Casual_EverydayTalk
Miami,32921.0,2,4.0,4.0,6.0,Informal conversation between two friends at the researcher's house,Narratives_Quotations
Miami,32928.0,2,4.0,4.0,6.0,Informal conversation between two friends at the researcher's house,Casual_EverydayTalk
Miami,32959.0,2,6.0,6.0,10.0,Informal conversation between two friends at the researcher's house,Casual_EverydayTalk
Miami,32965.0,3,5.0,5.0,6.0,Informal conversation between two friends at the researcher's house,Casual_EverydayTalk
Miami,32966.0,2,2.0,2.0,8.0,Informal conversation between two friends at the researcher's house,Casual_EverydayTalk
Miami,33004.0,2,1.0,1.0,4.0,Informal conversation between two friends at the researcher's house,Casual_EverydayTalk
Miami,33014.0,2,1.0,1.0,10.0,Informal conversation between two friends at the researcher's house,Narratives_Quotations
Miami,33061.0,2,5.0,5.0,7.0,Informal conversation between two friends at the researcher's house,Casual_EverydayTalk
Miami,33078.0,4,1.5,1.5,9.0,Informal conversation between two friends at the researcher's house,Casual_EverydayTalk
Miami,33085.0,4,3.0,3.0,14.0,Informal conversation between two friends at the researcher's house,Casual_EverydayTalk
Miami,33086.0,4,6.0,6.0,14.0,Informal conversation between two friends at the researcher's house,Casual_EverydayTalk
Miami,33170.0,2,1.0,1.0,5.0,Informal conversation between two friends at the researcher's house,Casual_EverydayTalk
Miami,33181.0,6,3.3333333333333335,2.0,11.0,Informal conversation between two friends at the researcher's house,Casual_EverydayTalk
Miami,33214.0,2,7.0,7.0,9.0,Informal conversation between two friends at the researcher's house,Narratives_Quotations
Miami,33243.0,2,1.0,1.0,5.0,Informal conversation between two friends at a café,Casual_EverydayTalk
Miami,33264.0,2,6.0,6.0,8.0,Informal conversation between two friends at a café,Casual_EverydayTalk
Miami,33286.0,4,2.0,2.0,12.0,Informal conversation between two friends at a café,Casual_EverydayTalk
Miami,33312.0,2,8.0,8.0,15.0,Informal conversation between two friends at a café,Casual_EverydayTalk
Miami,33315.0,6,1.3333333333333333,1.0,7.0,Informal conversation between two friends at a café,Casual_EverydayTalk
Miami,33316.0,2,2.0,2.0,5.0,Informal conversation between two friends at a café,Casual_EverydayTalk
Miami,33318.0,4,2.0,2.0,6.0,Informal conversation between two friends at a café,Casual_EverydayTalk
Miami,33321.0,10,1.4,1.0,10.0,Informal conversation between two friends at a café,Casual_EverydayTalk
Miami,33332.0,2,4.0,4.0,7.0,Informal conversation between two friends at a café,Casual_EverydayTalk
Miami,33334.0,2,3.0,3.0,6.0,Informal conversation between two friends at a café,Casual_EverydayTalk
Miami,33335.0,2,2.0,2.0,4.0,Informal conversation between two friends at a café,Casual_EverydayTalk
Miami,33359.0,4,2.0,2.0,6.0,Informal conversation between two friends at a café,Casual_EverydayTalk
Miami,33360.0,2,3.0,3.0,5.0,Informal conversation between two friends at a café,Casual_EverydayTalk
Miami,33371.0,12,2.5,2.5,18.0,Informal conversation between two friends at a café,Casual_EverydayTalk
Miami,33373.0,2,1.0,1.0,5.0,Informal conversation between two friends at a café,Casual_EverydayTalk
Miami,33374.0,6,1.0,1.0,5.0,Informal conversation between two friends at a café,Casual_EverydayTalk
Miami,33390.0,2,1.0,1.0,4.0,Informal conversation between two friends at a café,Casual_EverydayTalk
Miami,33393.0,2,1.0,1.0,3.0,Informal conversation between two friends at a café,Casual_EverydayTalk
Miami,33401.0,2,2.0,2.0,5.0,Informal conversation between two friends at a café,Casual_EverydayTalk
Miami,33405.0,4,1.0,1.0,7.0,Informal conversation between two friends at a café,Casual_EverydayTalk
Miami,33422.0,2,19.0,19.0,21.0,Informal conversation between two friends at a café,Casual_EverydayTalk
Miami,33438.0,4,1.0,1.0,6.0,Informal conversation between two friends at a café,Casual_EverydayTalk
Miami,33470.0,2,4.0,4.0,7.0,Informal conversation between two friends at a café,Casual_EverydayTalk
Miami,33478.0,3,33.0,33.0,31.0,Informal conversation between two friends at a café,Affect_Identity
Miami,33487.0,2,1.0,1.0,3.0,Informal conversation between two friends at a café,Casual_EverydayTalk
Miami,33505.0,2,1.0,1.0,5.0,Informal conversation between two friends at a café,Casual_EverydayTalk
Miami,33522.0,2,1.0,1.0,6.0,Informal conversation between two friends at a café,Casual_EverydayTalk
Miami,33556.0,2,5.0,5.0,9.0,Informal conversation between two friends at a café,Narratives_Quotations
Miami,33568.0,2,11.0,11.0,11.0,Informal conversation between two friends at a café,Casual_EverydayTalk
Miami,33581.0,2,5.0,5.0,7.0,Informal conversation between two friends at a café,Casual_EverydayTalk
Miami,33588.0,4,7.0,7.0,21.0,Informal conversation between two friends at a café,Narratives_Quotations
Miami,33599.0,4,3.5,3.5,10.0,Informal conversation between two friends at a café,Casual_EverydayTalk
Miami,33760.0,2,18.0,18.0,21.0,Informal conversation between two friends at a café,Narratives_Quotations
Miami,33779.0,6,1.3333333333333333,1.0,9.0,Informal conversation between two friends at a café,Casual_EverydayTalk
Miami,33790.0,2,4.0,4.0,8.0,Informal conversation between two friends at a café,Casual_EverydayTalk
Miami,33815.0,2,4.0,4.0,18.0,Informal conversation between two friends at a café,Casual_EverydayTalk
Miami,33837.0,2,4.0,4.0,6.0,Informal conversation between two friends at a café,Casual_EverydayTalk
Miami,33858.0,2,4.0,4.0,6.0,Informal conversation between two friends at a café,Casual_EverydayTalk
Miami,33909.0,2,1.0,1.0,3.0,Informal conversation between two friends at a café,Casual_EverydayTalk
Miami,33914.0,2,4.0,4.0,7.0,Informal conversation between two friends at a café,Casual_EverydayTalk
Miami,33931.0,2,1.0,1.0,13.0,Informal conversation between two friends at a café,Casual_EverydayTalk
Miami,33937.0,4,3.5,3.5,13.0,Informal conversation between two friends at a café,Casual_EverydayTalk
Miami,33949.0,2,1.0,1.0,14.0,Informal conversation between two friends at a café,Narratives_Quotations
Miami,33974.0,2,1.0,1.0,3.0,Informal conversation between two friends at a café,ProperNouns_NamedEntities
Miami,33985.0,2,2.0,2.0,9.0,Informal conversation between two friends at a café,Narratives_Quotations
Miami,34041.0,2,3.0,3.0,13.0,Informal conversation between two friends at a café,Casual_EverydayTalk
Miami,34118.0,2,1.0,1.0,3.0,Informal conversation between two friends at a café,Casual_EverydayTalk
Miami,34134.0,2,2.0,2.0,9.0,Informal conversation between two friends at a café,Casual_EverydayTalk
Miami,34171.0,2,1.0,1.0,9.0,Informal conversation between two friends at a café,Casual_EverydayTalk
Miami,34206.0,2,4.0,4.0,10.0,Informal conversation between two friends at a café,Casual_EverydayTalk
Miami,34230.0,4,5.5,5.5,13.0,Informal conversation between two friends at a café,Narratives_Quotations
Miami,34244.0,4,4.0,4.0,11.0,Informal conversation between two friends at a café,Casual_EverydayTalk
Miami,34257.0,4,1.5,1.5,13.0,Informal conversation between two friends at a café,Affect_Identity
Miami,34326.0,4,3.0,3.0,9.0,Informal conversation between two co-workers at their workplace,Office_Logistics
Miami,34438.0,2,2.0,2.0,6.0,Informal conversation between two co-workers at their workplace,Workplace_Technical
Miami,34456.0,2,1.0,1.0,6.0,Informal conversation between two co-workers at their workplace,Workplace_Technical
Miami,34510.0,2,1.0,1.0,6.0,Informal conversation between two co-workers at their workplace,Casual_EverydayTalk
Miami,34563.0,2,4.0,4.0,5.0,Informal conversation between two co-workers at their workplace,Casual_EverydayTalk
Miami,34569.0,2,7.0,7.0,9.0,Informal conversation between two co-workers at their workplace,Narratives_Quotations
Miami,34589.0,2,2.0,2.0,8.0,Informal conversation between two co-workers at their workplace,Casual_EverydayTalk
Miami,34612.0,2,6.0,6.0,9.0,Informal conversation between two co-workers at their workplace,Narratives_Quotations
Miami,34616.0,2,8.0,8.0,10.0,Informal conversation between two co-workers at their workplace,Office_Logistics
Miami,34633.0,2,6.0,6.0,9.0,Informal conversation between two co-workers at their workplace,Casual_EverydayTalk
Miami,34641.0,2,4.0,4.0,11.0,Informal conversation between two co-workers at their workplace,Casual_EverydayTalk
Miami,34671.0,4,1.5,1.5,7.0,Informal conversation between two co-workers at their workplace,ProperNouns_NamedEntities
Miami,34684.0,2,3.0,3.0,8.0,Informal conversation between two co-workers at their workplace,Casual_EverydayTalk
Miami,34725.0,4,5.0,5.0,12.0,Informal conversation between two co-workers at their workplace,Casual_EverydayTalk
Miami,34726.0,6,6.333333333333333,8.0,22.0,Informal conversation between two co-workers at their workplace,Casual_EverydayTalk
Miami,34757.0,2,3.0,3.0,6.0,Informal conversation between two co-workers at their workplace,Affect_Identity
Miami,34777.0,4,3.5,3.5,8.0,Informal conversation between two co-workers at their workplace,Casual_EverydayTalk
Miami,34803.0,2,2.0,2.0,4.0,Informal conversation between two co-workers at their workplace,Affect_Identity
Miami,34823.0,4,5.0,5.0,12.0,Informal conversation between two co-workers at their workplace,Casual_EverydayTalk
Miami,34904.0,2,1.0,1.0,6.0,Informal conversation between two co-workers at their workplace,Casual_EverydayTalk
Miami,34906.0,2,4.0,4.0,8.0,Informal conversation between two co-workers at their workplace,Casual_EverydayTalk
Miami,34929.0,2,6.0,6.0,8.0,Informal conversation between two co-workers at their workplace,Casual_EverydayTalk
Miami,34947.0,2,7.0,7.0,12.0,Informal conversation between two co-workers at their workplace,Narratives_Quotations
Miami,34948.0,2,4.0,4.0,8.0,Informal conversation between two co-workers at their workplace,Casual_EverydayTalk
Miami,34953.0,4,7.5,7.5,17.0,Informal conversation between two co-workers at their workplace,Education_YouthOrganizations
Miami,34960.0,4,4.0,4.0,15.0,Informal conversation between two co-workers at their workplace,Casual_EverydayTalk
Miami,34973.0,4,6.0,6.0,14.0,Informal conversation between two co-workers at their workplace,Casual_EverydayTalk
Miami,34976.0,2,4.0,4.0,6.0,Informal conversation between two co-workers at their workplace,Casual_EverydayTalk
Miami,35000.0,2,5.0,5.0,9.0,Informal conversation between two co-workers at their workplace,Casual_EverydayTalk
Miami,35001.0,4,3.5,3.5,9.0,Informal conversation between two co-workers at their workplace,Casual_EverydayTalk
Miami,35031.0,2,3.0,3.0,6.0,Informal conversation between two co-workers at their workplace,Workplace_Technical
Miami,35036.0,2,1.0,1.0,7.0,Informal conversation between two co-workers at their workplace,Casual_EverydayTalk
Miami,35058.0,2,5.0,5.0,7.0,Informal conversation between two co-workers at their workplace,Narratives_Quotations
Miami,35076.0,3,8.0,8.0,9.0,Informal conversation between two co-workers at their workplace,Casual_EverydayTalk
Miami,35087.0,4,1.5,1.5,12.0,Informal conversation between two co-workers at their workplace,ProperNouns_NamedEntities
Miami,35105.0,2,2.0,2.0,7.0,Informal conversation between two co-workers at their workplace,Casual_EverydayTalk
Miami,35112.0,2,4.0,4.0,6.0,Informal conversation between two co-workers at their workplace,Casual_EverydayTalk
Miami,35125.0,2,2.0,2.0,8.0,Informal conversation between two co-workers at their workplace,Casual_EverydayTalk
Miami,35126.0,2,1.0,1.0,3.0,Informal conversation between two co-workers at their workplace,Casual_EverydayTalk
Miami,35127.0,2,3.0,3.0,7.0,Informal conversation between two co-workers at their workplace,ProperNouns_NamedEntities
Miami,35165.0,2,13.0,13.0,17.0,Informal conversation between two co-workers at their workplace,Casual_EverydayTalk
Miami,35176.0,2,1.0,1.0,4.0,Informal conversation between two co-workers at their workplace,Affect_Identity
Miami,35184.0,2,3.0,3.0,6.0,Informal conversation between two co-workers at their workplace,Narratives_Quotations
Miami,35209.0,2,1.0,1.0,4.0,Informal conversation between two co-workers at their workplace,Casual_EverydayTalk
Miami,35229.0,2,6.0,6.0,8.0,Informal conversation between two co-workers at their workplace,Casual_EverydayTalk
Miami,35235.0,2,4.0,4.0,9.0,Informal conversation between two co-workers at their workplace,Affect_Identity
Miami,35255.0,2,6.0,6.0,8.0,Informal conversation between two co-workers at their workplace,Narratives_Quotations
Miami,35258.0,2,1.0,1.0,7.0,Informal conversation between two co-workers at their workplace,Office_Logistics
Miami,35259.0,2,1.0,1.0,7.0,Informal conversation between two co-workers at their workplace,Workplace_Technical
Miami,35361.0,4,2.0,2.0,12.0,Informal conversation between two co-workers at their workplace,Narratives_Quotations
Miami,35369.0,2,2.0,2.0,7.0,Informal conversation between two co-workers at their workplace,Casual_EverydayTalk
Miami,35371.0,2,2.0,2.0,7.0,Informal conversation between two co-workers at their workplace,Casual_EverydayTalk
Miami,35375.0,2,1.0,1.0,5.0,Informal conversation between two co-workers at their workplace,Workplace_Technical
Miami,35381.0,4,2.0,2.0,9.0,Informal conversation between two co-workers at their workplace,Casual_EverydayTalk
Miami,35421.0,2,9.0,9.0,11.0,Informal conversation between two co-workers at their workplace,Narratives_Quotations
Miami,35427.0,2,4.0,4.0,6.0,Informal conversation between two co-workers at their workplace,Narratives_Quotations
Miami,35466.0,2,8.0,8.0,10.0,Informal conversation between two co-workers at their workplace,Casual_EverydayTalk
Miami,35467.0,2,5.0,5.0,7.0,Informal conversation between two co-workers at their workplace,Casual_EverydayTalk
Miami,35496.0,2,9.0,9.0,11.0,Informal conversation between two co-workers at their workplace,Casual_EverydayTalk
Miami,35503.0,2,7.0,7.0,9.0,Informal conversation between two co-workers at their workplace,Narratives_Quotations
Miami,35513.0,4,7.5,7.5,17.0,Informal conversation between two co-workers at their workplace,Narratives_Quotations
Miami,35514.0,2,1.0,1.0,5.0,Informal conversation between two co-workers at their workplace,Casual_EverydayTalk
Miami,35517.0,2,7.0,7.0,9.0,Informal conversation between two co-workers at their workplace,Casual_EverydayTalk
Miami,35582.0,4,3.0,3.0,10.0,Informal conversation at Miguel's home,Casual_EverydayTalk
Miami,35583.0,4,3.5,3.5,13.0,Informal conversation at Miguel's home,Narratives_Quotations
Miami,35584.0,2,4.0,4.0,22.0,Informal conversation at Miguel's home,Narratives_Quotations
Miami,35606.0,4,23.0,23.0,52.0,Informal conversation at Miguel's home,Casual_EverydayTalk
Miami,35615.0,2,9.0,9.0,11.0,Informal conversation at Miguel's home,Casual_EverydayTalk
Miami,35627.0,4,4.0,4.0,14.0,Informal conversation at Miguel's home,Narratives_Quotations
Miami,35639.0,4,2.5,2.5,12.0,Informal conversation at Miguel's home,Casual_EverydayTalk
Miami,35640.0,4,2.5,2.5,7.0,Informal conversation at Miguel's home,Casual_EverydayTalk
Miami,35641.0,6,2.0,2.0,10.0,Informal conversation at Miguel's home,Affect_Identity
Miami,35653.0,4,2.5,2.5,9.0,Informal conversation at Miguel's home,Casual_EverydayTalk
Miami,35660.0,7,4.0,5.0,21.0,Informal conversation at Miguel's home,Narratives_Quotations
Miami,35673.0,6,5.333333333333333,1.0,18.0,Informal conversation at Miguel's home,Casual_EverydayTalk
Miami,35674.0,4,5.5,5.5,38.0,Informal conversation at Miguel's home,Narratives_Quotations
Miami,35691.0,2,6.0,6.0,11.0,Informal conversation at Miguel's home,Casual_EverydayTalk
Miami,35693.0,4,3.0,3.0,10.0,Informal conversation at Miguel's home,Education_YouthOrganizations
Miami,35713.0,6,2.0,1.0,12.0,Informal conversation at Miguel's home,Narratives_Quotations
Miami,35717.0,2,9.0,9.0,13.0,Informal conversation at Miguel's home,Casual_EverydayTalk
Miami,35719.0,8,5.25,5.5,29.0,Informal conversation at Miguel's home,Narratives_Quotations
Miami,35720.0,4,7.0,7.0,16.0,Informal conversation at Miguel's home,Casual_EverydayTalk
Miami,35721.0,4,2.5,2.5,7.0,Informal conversation at Miguel's home,Casual_EverydayTalk
Miami,35722.0,4,4.5,4.5,14.0,Informal conversation at Miguel's home,Narratives_Quotations
Miami,35729.0,4,8.5,8.5,32.0,Informal conversation at Miguel's home,Narratives_Quotations
Miami,35735.0,2,7.0,7.0,9.0,Informal conversation at Miguel's home,Affect_Identity
Miami,35736.0,4,7.0,7.0,24.0,Informal conversation at Miguel's home,Affect_Identity
Miami,35737.0,4,4.5,4.5,13.0,Informal conversation at Miguel's home,Casual_EverydayTalk
Miami,35739.0,4,18.5,18.5,48.0,Informal conversation at Miguel's home,Narratives_Quotations
Miami,35740.0,4,4.5,4.5,19.0,Informal conversation at Miguel's home,Casual_EverydayTalk
Miami,35766.0,4,14.0,14.0,41.0,Informal conversation at Miguel's home,Narratives_Quotations
Miami,35770.0,6,2.3333333333333335,1.0,9.0,Informal conversation at Miguel's home,Casual_EverydayTalk
Miami,35777.0,2,1.0,1.0,20.0,Informal conversation at Miguel's home,Casual_EverydayTalk
Miami,35778.0,4,6.5,6.5,26.0,Informal conversation at Miguel's home,ProperNouns_NamedEntities
Miami,35784.0,4,3.0,3.0,13.0,Informal conversation at Miguel's home,Narratives_Quotations
Miami,35785.0,4,3.5,3.5,11.0,Informal conversation at Miguel's home,Narratives_Quotations
Miami,35786.0,6,4.333333333333333,1.0,17.0,Informal conversation at Miguel's home,Casual_EverydayTalk
Miami,35787.0,4,2.5,2.5,13.0,Informal conversation at Miguel's home,Narratives_Quotations
Miami,35789.0,2,1.0,1.0,10.0,Informal conversation at Miguel's home,Casual_EverydayTalk
Miami,35797.0,4,3.0,3.0,14.0,Informal conversation at Miguel's home,Casual_EverydayTalk
Miami,35800.0,2,1.0,1.0,11.0,Informal conversation at Miguel's home,Casual_EverydayTalk
Miami,35819.0,2,1.0,1.0,4.0,Informal conversation at Miguel's home,Affect_Identity
Miami,35820.0,2,1.0,1.0,6.0,Informal conversation at Miguel's home,ProperNouns_NamedEntities
Miami,35850.0,14,2.857142857142857,1.0,26.0,Informal conversation at Miguel's home,Casual_EverydayTalk
Miami,35853.0,4,4.5,4.5,11.0,Informal conversation at Miguel's home,Casual_EverydayTalk
Miami,35884.0,2,4.0,4.0,11.0,Informal conversation at Miguel's home,Casual_EverydayTalk
Miami,35918.0,4,7.0,7.0,16.0,Informal conversation at Miguel's home,Casual_EverydayTalk
Miami,35953.0,2,2.0,2.0,4.0,Informal conversation at Miguel's home,Casual_EverydayTalk
Miami,35954.0,2,1.0,1.0,3.0,Informal conversation at Miguel's home,Casual_EverydayTalk
Miami,35983.0,4,4.0,4.0,13.0,Informal conversation at Miguel's home,Affect_Identity
Miami,35997.0,2,8.0,8.0,10.0,Informal conversation at Miguel's home,Casual_EverydayTalk
Miami,36055.0,2,2.0,2.0,14.0,Informal conversation at Miguel's home,Narratives_Quotations
Miami,36131.0,4,10.0,10.0,25.0,Informal conversation at Miguel's home,Casual_EverydayTalk
Miami,36140.0,2,3.0,3.0,5.0,Informal conversation at Miguel's home,Casual_EverydayTalk
Miami,36154.0,8,4.5,5.0,35.0,Informal conversation at Miguel's home,Narratives_Quotations
Miami,36157.0,2,1.0,1.0,3.0,Informal conversation at Miguel's home,Casual_EverydayTalk
Miami,36171.0,2,1.0,1.0,9.0,Informal conversation at Miguel's home,Narratives_Quotations
Miami,36179.0,2,1.0,1.0,5.0,Informal conversation at Miguel's home,Affect_Identity
Miami,36268.0,4,5.0,5.0,15.0,Informal conversation at Miguel's home,Casual_EverydayTalk
Miami,36286.0,12,1.6666666666666667,1.0,13.0,Informal conversation at Miguel's home,Casual_EverydayTalk
Miami,36291.0,4,4.5,4.5,11.0,Informal conversation at Miguel's home,Casual_EverydayTalk
Miami,36292.0,4,4.0,4.0,11.0,Informal conversation at Miguel's home,Narratives_Quotations
Miami,36293.0,4,1.5,1.5,8.0,Informal conversation at Miguel's home,Casual_EverydayTalk
Miami,36303.0,8,3.0,2.5,16.0,Informal conversation at Miguel's home,Casual_EverydayTalk
Miami,36304.0,6,3.6666666666666665,3.0,13.0,Informal conversation at Miguel's home,Casual_EverydayTalk
Miami,36352.0,4,5.5,5.5,13.0,Informal conversation at Miguel's home,Casual_EverydayTalk
Miami,36360.0,6,3.0,2.0,11.0,Informal conversation at Miguel's home,Narratives_Quotations
Miami,36362.0,4,3.5,3.5,17.0,Informal conversation at Miguel's home,Casual_EverydayTalk
Miami,36363.0,4,4.0,4.0,14.0,Informal conversation at Miguel's home,Narratives_Quotations
Miami,36373.0,2,2.0,2.0,7.0,Informal conversation at Miguel's home,Casual_EverydayTalk
Miami,36377.0,2,16.0,16.0,19.0,Informal conversation at Miguel's home,Narratives_Quotations
Miami,36380.0,4,4.5,4.5,18.0,Informal conversation at Miguel's home,Casual_EverydayTalk
Miami,36386.0,4,2.5,2.5,14.0,Informal conversation at Miguel's home,Affect_Identity
Miami,36387.0,6,3.6666666666666665,5.0,13.0,Informal conversation at Miguel's home,Narratives_Quotations
Miami,36390.0,4,2.5,2.5,7.0,Informal conversation at Miguel's home,Casual_EverydayTalk
Miami,36391.0,2,2.0,2.0,8.0,Informal conversation at Miguel's home,Casual_EverydayTalk
Miami,36409.0,6,3.6666666666666665,2.0,12.0,Informal conversation at Julia's house,Narratives_Quotations
Miami,36412.0,4,6.5,6.5,37.0,Informal conversation at Julia's house,Narratives_Quotations
Miami,36416.0,8,2.5,2.5,14.0,Informal conversation at Julia's house,Narratives_Quotations
Miami,36420.0,2,2.0,2.0,5.0,Informal conversation at Julia's house,Casual_EverydayTalk
Miami,36440.0,14,3.7142857142857144,2.0,28.0,Informal conversation at Julia's house,Narratives_Quotations
Miami,36451.0,4,1.0,1.0,11.0,Informal conversation at Julia's house,Casual_EverydayTalk
Miami,36454.0,2,1.0,1.0,4.0,Informal conversation at Julia's house,Casual_EverydayTalk
Miami,36455.0,4,1.5,1.5,6.0,Informal conversation at Julia's house,Office_Logistics
Miami,36468.0,4,1.0,1.0,6.0,Informal conversation at Julia's house,ProperNouns_NamedEntities
Miami,36469.0,2,1.0,1.0,6.0,Informal conversation at Julia's house,ProperNouns_NamedEntities
Miami,36500.0,2,8.0,8.0,11.0,Informal conversation at Julia's house,Casual_EverydayTalk
Miami,36513.0,8,3.0,2.0,14.0,Informal conversation at Julia's house,Casual_EverydayTalk
Miami,36517.0,2,8.0,8.0,11.0,Informal conversation at Julia's house,Casual_EverydayTalk
Miami,36546.0,8,6.0,4.0,34.0,Informal conversation at Julia's house,Narratives_Quotations
Miami,36547.0,2,1.0,1.0,5.0,Informal conversation at Julia's house,Casual_EverydayTalk
Miami,36552.0,4,4.0,4.0,28.0,Informal conversation at Julia's house,Casual_EverydayTalk
Miami,36566.0,4,2.5,2.5,8.0,Informal conversation at Julia's house,Casual_EverydayTalk
Miami,36574.0,2,1.0,1.0,8.0,Informal conversation at Julia's house,Casual_EverydayTalk
Miami,36578.0,2,1.0,1.0,4.0,Informal conversation at Julia's house,Casual_EverydayTalk
Miami,36581.0,2,1.0,1.0,8.0,Informal conversation at Julia's house,Casual_EverydayTalk
Miami,36588.0,4,4.0,4.0,11.0,Informal conversation at Julia's house,Casual_EverydayTalk
Miami,36605.0,2,3.0,3.0,6.0,Informal conversation at Julia's house,Casual_EverydayTalk
Miami,36606.0,2,4.0,4.0,15.0,Informal conversation at Julia's house,Casual_EverydayTalk
Miami,36610.0,2,4.0,4.0,11.0,Informal conversation at Julia's house,Casual_EverydayTalk
Miami,36612.0,4,4.5,4.5,24.0,Informal conversation at Julia's house,Casual_EverydayTalk
Miami,36613.0,4,1.0,1.0,7.0,Informal conversation at Julia's house,Casual_EverydayTalk
Miami,36618.0,2,3.0,3.0,7.0,Informal conversation at Julia's house,Casual_EverydayTalk
Miami,36620.0,12,2.5,1.0,17.0,Informal conversation at Julia's house,Casual_EverydayTalk
Miami,36621.0,4,2.0,2.0,9.0,Informal conversation at Julia's house,Workplace_Technical
Miami,36630.0,2,1.0,1.0,9.0,Informal conversation at Julia's house,Casual_EverydayTalk
Miami,36633.0,2,4.0,4.0,6.0,Informal conversation at Julia's house,Casual_EverydayTalk
Miami,36635.0,2,3.0,3.0,10.0,Informal conversation at Julia's house,ProperNouns_NamedEntities
Miami,36638.0,6,1.6666666666666667,2.0,16.0,Informal conversation at Julia's house,Narratives_Quotations
Miami,36678.0,4,2.0,2.0,12.0,Informal conversation at Julia's house,Casual_EverydayTalk
Miami,36679.0,2,2.0,2.0,8.0,Informal conversation at Julia's house,Casual_EverydayTalk
Miami,36681.0,2,6.0,6.0,11.0,Informal conversation at Julia's house,Narratives_Quotations
Miami,36684.0,4,3.0,3.0,10.0,Informal conversation at Julia's house,Casual_EverydayTalk
Miami,36686.0,2,10.0,10.0,13.0,Informal conversation at Julia's house,Casual_EverydayTalk
Miami,36694.0,4,4.0,4.0,10.0,Informal conversation at Julia's house,Casual_EverydayTalk
Miami,36698.0,2,1.0,1.0,23.0,Informal conversation at Julia's house,Casual_EverydayTalk
Miami,36699.0,6,4.333333333333333,1.0,19.0,Informal conversation at Julia's house,ProperNouns_NamedEntities
Miami,36700.0,2,2.0,2.0,5.0,Informal conversation at Julia's house,Narratives_Quotations
Miami,36718.0,6,2.3333333333333335,1.0,16.0,Informal conversation at Julia's house,Narratives_Quotations
Miami,36769.0,2,5.0,5.0,10.0,Informal conversation at Julia's house,Casual_EverydayTalk
Miami,36771.0,6,2.6666666666666665,3.0,13.0,Informal conversation at Julia's house,Casual_EverydayTalk
Miami,36796.0,2,4.0,4.0,6.0,Informal conversation at Julia's house,ProperNouns_NamedEntities
Miami,36822.0,2,1.0,1.0,6.0,Informal conversation at Julia's house,Casual_EverydayTalk
Miami,36829.0,2,6.0,6.0,11.0,Informal conversation at Julia's house,Casual_EverydayTalk
Miami,36832.0,2,3.0,3.0,6.0,Informal conversation at Julia's house,Casual_EverydayTalk
Miami,36876.0,8,1.25,1.0,13.0,Informal conversation at Julia's house,Narratives_Quotations
Miami,36898.0,2,8.0,8.0,10.0,Informal conversation at Julia's house,ProperNouns_NamedEntities
Miami,36908.0,6,1.3333333333333333,1.0,8.0,Informal conversation at Julia's house,Casual_EverydayTalk
Miami,36929.0,2,3.0,3.0,5.0,Informal conversation at Julia's house,Casual_EverydayTalk
Miami,36931.0,8,2.75,2.5,18.0,Informal conversation at Julia's house,Casual_EverydayTalk
Miami,36932.0,8,1.5,1.0,8.0,Informal conversation at Julia's house,Casual_EverydayTalk
Miami,36933.0,2,1.0,1.0,13.0,Informal conversation at Julia's house,Narratives_Quotations
Miami,36937.0,4,1.0,1.0,7.0,Informal conversation at Julia's house,Casual_EverydayTalk
Miami,36938.0,2,2.0,2.0,4.0,Informal conversation at Julia's house,Casual_EverydayTalk
Miami,36939.0,2,3.0,3.0,5.0,Informal conversation at Julia's house,Casual_EverydayTalk
Miami,36951.0,6,3.3333333333333335,4.0,14.0,Informal conversation at Julia's house,Casual_EverydayTalk
Miami,36958.0,2,11.0,11.0,12.0,Informal conversation at Julia's house,Casual_EverydayTalk
Miami,36975.0,2,5.0,5.0,11.0,Informal conversation at Julia's house,Casual_EverydayTalk
Miami,37003.0,2,5.0,5.0,8.0,Informal conversation at Julia's house,Narratives_Quotations
Miami,37060.0,2,1.0,1.0,3.0,MAR is in her office talking to colleague.,Casual_EverydayTalk
Miami,37079.0,2,11.0,11.0,13.0,MAR is in her office talking to colleague.,Casual_EverydayTalk
Miami,37094.0,2,2.0,2.0,8.0,MAR is in her office talking to colleague.,Casual_EverydayTalk
Miami,37106.0,2,1.0,1.0,3.0,MAR is in her office talking to colleague.,Casual_EverydayTalk
Miami,37108.0,2,3.0,3.0,5.0,MAR is in her office talking to colleague.,Workplace_Technical
Miami,37159.0,2,2.0,2.0,9.0,MAR is in her office talking to colleague.,Office_Logistics
Miami,37164.0,14,4.285714285714286,1.0,34.0,MAR is in her office talking to colleague.,Narratives_Quotations
Miami,37172.0,2,4.0,4.0,6.0,MAR is in her office talking to colleague.,Narratives_Quotations
Miami,37194.0,2,2.0,2.0,9.0,MAR is in her office talking to colleague.,Office_Logistics
Miami,37204.0,2,9.0,9.0,11.0,MAR is in her office talking to colleague.,Office_Logistics
Miami,37408.0,2,13.0,13.0,17.0,MAR is in her office talking to colleague.,Casual_EverydayTalk
Miami,37456.0,2,2.0,2.0,6.0,MAR is in her office talking to colleague.,Office_Logistics
Miami,37483.0,2,5.0,5.0,8.0,MAR is in her office talking to colleague.,Casual_EverydayTalk
Miami,37628.0,2,6.0,6.0,8.0,MAR is in her office talking to colleague.,Affect_Identity
Miami,37640.0,2,4.0,4.0,6.0,MAR is in her office talking to colleague.,Casual_EverydayTalk
Miami,37648.0,2,3.0,3.0,6.0,MAR is in her office talking to colleague.,Casual_EverydayTalk
Miami,37662.0,4,5.5,5.5,13.0,MAR is in her office talking to colleague.,Casual_EverydayTalk
Miami,37666.0,4,1.5,1.5,8.0,MAR is in her office talking to colleague.,Casual_EverydayTalk
Miami,37671.0,2,1.0,1.0,6.0,MAR is in her office talking to colleague.,Casual_EverydayTalk
Miami,37673.0,2,1.0,1.0,6.0,MAR is in her office talking to colleague.,Casual_EverydayTalk
Miami,37874.0,2,1.0,1.0,9.0,MAR is in her office talking to colleague.,Casual_EverydayTalk
Miami,37876.0,2,1.0,1.0,4.0,MAR is in her office talking to colleague.,Casual_EverydayTalk
Miami,37932.0,2,2.0,2.0,4.0,MAR is in her office talking to colleague.,Casual_EverydayTalk
Miami,37934.0,4,5.0,5.0,12.0,MAR is in her office talking to colleague.,Narratives_Quotations
Miami,37946.0,4,9.5,9.5,21.0,MAR is in her office talking to colleague.,Narratives_Quotations
Miami,37947.0,4,6.5,6.5,18.0,MAR is in her office talking to colleague.,Narratives_Quotations
Miami,37950.0,2,4.0,4.0,7.0,MAR is in her office talking to colleague.,Casual_EverydayTalk
Miami,37951.0,4,2.0,2.0,8.0,MAR is in her office talking to colleague.,Casual_EverydayTalk
Miami,37952.0,4,2.0,2.0,9.0,MAR is in her office talking to colleague.,Office_Logistics
Miami,37962.0,2,2.0,2.0,4.0,MAR is in her office talking to colleague.,Casual_EverydayTalk
Miami,37965.0,5,3.5,3.5,8.0,MAR is in her office talking to colleague.,Affect_Identity
Miami,37973.0,2,3.0,3.0,8.0,MAR is in her office talking to colleague.,ProperNouns_NamedEntities
Miami,37987.0,2,1.0,1.0,3.0,MAR is in her office talking to colleague.,Office_Logistics
Miami,37997.0,2,2.0,2.0,5.0,MAR is in her office talking to colleague.,Casual_EverydayTalk
Miami,38023.0,2,1.0,1.0,3.0,MAR is in her office talking to colleague.,Casual_EverydayTalk
Miami,38048.0,2,1.0,1.0,3.0,MAR is in her office talking to colleague.,ProperNouns_NamedEntities
Miami,38055.0,2,1.0,1.0,7.0,MAR is in her office talking to colleague.,Casual_EverydayTalk
Miami,38063.0,2,2.0,2.0,6.0,MAR is in her office talking to colleague.,Workplace_Technical
Miami,38064.0,2,4.0,4.0,8.0,MAR is in her office talking to colleague.,Casual_EverydayTalk
Miami,38067.0,2,6.0,6.0,12.0,MAR is in her office talking to colleague.,Casual_EverydayTalk
Miami,38082.0,4,3.0,3.0,10.0,MAR is in her office talking to colleague.,ProperNouns_NamedEntities
Miami,38083.0,2,1.0,1.0,3.0,MAR is in her office talking to colleague.,Casual_EverydayTalk
Miami,38087.0,2,1.0,1.0,4.0,MAR is in her office talking to colleague.,Workplace_Technical
Miami,38092.0,2,1.0,1.0,3.0,MAR is in her office talking to colleague.,Casual_EverydayTalk
Miami,38100.0,4,6.0,6.0,14.0,MAR is in her office talking to colleague.,Casual_EverydayTalk
Miami,38111.0,2,1.0,1.0,8.0,MAR is in her office talking to colleague.,Casual_EverydayTalk
Miami,38115.0,2,4.0,4.0,6.0,MAR is in her office talking to colleague.,Workplace_Technical
Miami,38118.0,2,1.0,1.0,4.0,MAR is in her office talking to colleague.,Workplace_Technical
Miami,38135.0,2,2.0,2.0,7.0,MAR is in her office talking to colleague.,Office_Logistics
Miami,38144.0,2,1.0,1.0,3.0,MAR is in her office talking to colleague.,Casual_EverydayTalk
Miami,38156.0,2,7.0,7.0,10.0,MAR is in her office talking to colleague.,Casual_EverydayTalk
Miami,38178.0,2,2.0,2.0,8.0,MAR is in her office talking to colleague.,Casual_EverydayTalk
Miami,38179.0,2,2.0,2.0,10.0,MAR is in her office talking to colleague.,Narratives_Quotations
Miami,38182.0,2,2.0,2.0,7.0,MAR is in her office talking to colleague.,Casual_EverydayTalk
Miami,38194.0,4,4.0,4.0,13.0,MAR is in her office talking to colleague.,Narratives_Quotations
Miami,38199.0,2,19.0,19.0,25.0,MAR is in her office talking to colleague.,Casual_EverydayTalk
Miami,38212.0,2,4.0,4.0,8.0,MAR is in her office talking to colleague.,Office_Logistics
Miami,38224.0,6,3.0,3.0,12.0,MAR is in her office talking to colleague.,Casual_EverydayTalk
Miami,38243.0,2,5.0,5.0,10.0,MAR is in her office talking to colleague.,Casual_EverydayTalk
Miami,38266.0,6,1.6666666666666667,2.0,9.0,MAR is in her office talking to colleague.,Education_YouthOrganizations
Miami,38321.0,4,5.5,5.5,13.0,Informal conversation between two cousins at Felipe's house,Casual_EverydayTalk
Miami,38343.0,5,3.0,3.0,9.0,Informal conversation between two cousins at Felipe's house,Casual_EverydayTalk
Miami,38347.0,2,1.0,1.0,7.0,Informal conversation between two cousins at Felipe's house,Workplace_Technical
Miami,38389.0,6,3.0,2.0,11.0,Informal conversation between two cousins at Felipe's house,Education_YouthOrganizations
Miami,38396.0,2,3.0,3.0,5.0,Informal conversation between two cousins at Felipe's house,Casual_EverydayTalk
Miami,38410.0,2,10.0,10.0,16.0,Informal conversation between two cousins at Felipe's house,Casual_EverydayTalk
Miami,38442.0,2,1.0,1.0,3.0,Informal conversation between two cousins at Felipe's house,Casual_EverydayTalk
Miami,38515.0,2,5.0,5.0,7.0,Informal conversation between two cousins at Felipe's house,Casual_EverydayTalk
Miami,38524.0,2,4.0,4.0,11.0,Informal conversation between two cousins at Felipe's house,Casual_EverydayTalk
Miami,38636.0,5,10.5,10.5,22.0,Informal conversation between two cousins at Felipe's house,Education_YouthOrganizations
Miami,38647.0,2,6.0,6.0,8.0,Informal conversation between two cousins at Felipe's house,Education_YouthOrganizations
Miami,38649.0,4,5.5,5.5,13.0,Informal conversation between two cousins at Felipe's house,Education_YouthOrganizations
Miami,38651.0,4,4.5,4.5,12.0,Informal conversation between two cousins at Felipe's house,Education_YouthOrganizations
Miami,38923.0,2,1.0,1.0,5.0,Informal conversation between two cousins at Felipe's house,Casual_EverydayTalk
Miami,39014.0,2,3.0,3.0,6.0,Informal conversation between two cousins at Felipe's house,Narratives_Quotations
Miami,39048.0,6,1.0,1.0,5.0,Informal conversation between two cousins at Felipe's house,Casual_EverydayTalk
Miami,39054.0,2,4.0,4.0,7.0,Informal conversation between two cousins at Felipe's house,Casual_EverydayTalk
Miami,39080.0,4,1.5,1.5,6.0,Informal conversation between two co-workers at Florida International University,ProperNouns_NamedEntities
Miami,39105.0,3,4.0,4.0,5.0,Informal conversation between two co-workers at Florida International University,Casual_EverydayTalk
Miami,39111.0,2,3.0,3.0,5.0,Informal conversation between two co-workers at Florida International University,Casual_EverydayTalk
Miami,39114.0,2,16.0,16.0,21.0,Informal conversation between two co-workers at Florida International University,Narratives_Quotations
Miami,39131.0,2,6.0,6.0,9.0,Informal conversation between two co-workers at Florida International University,Casual_EverydayTalk
Miami,39179.0,2,4.0,4.0,6.0,Informal conversation between two co-workers at Florida International University,Narratives_Quotations
Miami,39183.0,4,4.5,4.5,11.0,Informal conversation between two co-workers at Florida International University,Casual_EverydayTalk
Miami,39189.0,2,5.0,5.0,7.0,Informal conversation between two co-workers at Florida International University,Casual_EverydayTalk
Miami,39200.0,2,6.0,6.0,11.0,Informal conversation between two co-workers at Florida International University,Casual_EverydayTalk
Miami,39208.0,24,2.4166666666666665,2.0,32.0,Informal conversation between two co-workers at Florida International University,Narratives_Quotations
Miami,39225.0,2,6.0,6.0,8.0,Informal conversation between two co-workers at Florida International University,Narratives_Quotations
Miami,39238.0,2,5.0,5.0,9.0,Informal conversation between two co-workers at Florida International University,Narratives_Quotations
Miami,39253.0,10,8.0,2.0,52.0,Informal conversation between two co-workers at Florida International University,Narratives_Quotations
Miami,39256.0,2,3.0,3.0,6.0,Informal conversation between two co-workers at Florida International University,Casual_EverydayTalk
Miami,39261.0,2,3.0,3.0,18.0,Informal conversation between two co-workers at Florida International University,Workplace_Technical
Miami,39267.0,2,4.0,4.0,6.0,Informal conversation between two co-workers at Florida International University,Narratives_Quotations
Miami,39270.0,2,15.0,15.0,16.0,Informal conversation between two co-workers at Florida International University,Casual_EverydayTalk
Miami,39289.0,2,5.0,5.0,7.0,Informal conversation between two co-workers at Florida International University,Casual_EverydayTalk
Miami,39291.0,3,14.0,14.0,14.0,Informal conversation between two co-workers at Florida International University,Casual_EverydayTalk
Miami,39295.0,6,5.0,3.0,23.0,Informal conversation between two co-workers at Florida International University,Casual_EverydayTalk
Miami,39314.0,2,2.0,2.0,5.0,Informal conversation between two co-workers at Florida International University,Casual_EverydayTalk
Miami,39328.0,2,5.0,5.0,8.0,Informal conversation between two co-workers at Florida International University,Casual_EverydayTalk
Miami,39357.0,2,1.0,1.0,3.0,Informal conversation between two co-workers at Florida International University,Casual_EverydayTalk
Miami,39359.0,2,8.0,8.0,10.0,Informal conversation between two co-workers at Florida International University,Casual_EverydayTalk
Miami,39366.0,4,3.5,3.5,10.0,Informal conversation between two co-workers at Florida International University,Casual_EverydayTalk
Miami,39382.0,2,7.0,7.0,9.0,Informal conversation between two co-workers at Florida International University,Casual_EverydayTalk
Miami,39407.0,2,5.0,5.0,7.0,Informal conversation between two co-workers at Florida International University,Casual_EverydayTalk
Miami,39409.0,2,8.0,8.0,10.0,Informal conversation between two co-workers at Florida International University,Workplace_Technical
Miami,39414.0,4,3.5,3.5,12.0,Informal conversation between two co-workers at Florida International University,Casual_EverydayTalk
Miami,39419.0,4,8.0,8.0,18.0,Informal conversation between two co-workers at Florida International University,Casual_EverydayTalk
Miami,39434.0,2,3.0,3.0,5.0,Informal conversation between two co-workers at Florida International University,Narratives_Quotations
Miami,39444.0,2,6.0,6.0,9.0,Informal conversation between two co-workers at Florida International University,Narratives_Quotations
Miami,39448.0,4,2.0,2.0,34.0,Informal conversation between two co-workers at Florida International University,Narratives_Quotations
Miami,39454.0,2,1.0,1.0,6.0,Informal conversation between two co-workers at Florida International University,Casual_EverydayTalk
Miami,39457.0,2,1.0,1.0,8.0,Informal conversation between two co-workers at Florida International University,Casual_EverydayTalk
Miami,39459.0,4,2.0,2.0,7.0,Informal conversation between two co-workers at Florida International University,Casual_EverydayTalk
Miami,39462.0,4,10.0,10.0,22.0,Informal conversation between two co-workers at Florida International University,Casual_EverydayTalk
Miami,39465.0,2,1.0,1.0,7.0,Informal conversation between two co-workers at Florida International University,Narratives_Quotations
Miami,39484.0,2,7.0,7.0,11.0,Informal conversation between two co-workers at Florida International University,Narratives_Quotations
Miami,39488.0,4,6.5,6.5,14.0,Informal conversation between two co-workers at Florida International University,Casual_EverydayTalk
Miami,39489.0,4,6.0,6.0,15.0,Informal conversation between two co-workers at Florida International University,Narratives_Quotations
Miami,39507.0,4,6.0,6.0,17.0,Informal conversation between two co-workers at Florida International University,Narratives_Quotations
Miami,39508.0,2,1.0,1.0,14.0,Informal conversation between two co-workers at Florida International University,Casual_EverydayTalk
Miami,39525.0,4,2.5,2.5,17.0,Informal conversation between two co-workers at Florida International University,Narratives_Quotations
Miami,39537.0,2,1.0,1.0,6.0,Informal conversation between two co-workers at Florida International University,Affect_Identity
Miami,39542.0,8,2.25,1.0,20.0,Informal conversation between two co-workers at Florida International University,Narratives_Quotations
Miami,39546.0,2,1.0,1.0,6.0,Informal conversation between two co-workers at Florida International University,Narratives_Quotations
Miami,39552.0,2,2.0,2.0,8.0,Informal conversation between two co-workers at Florida International University,Office_Logistics
Miami,39574.0,2,6.0,6.0,8.0,Informal conversation between two co-workers at Florida International University,Casual_EverydayTalk
Miami,39577.0,4,3.0,3.0,11.0,Informal conversation between two co-workers at Florida International University,Casual_EverydayTalk
Miami,39581.0,4,2.5,2.5,11.0,Informal conversation between two co-workers at Florida International University,Narratives_Quotations
Miami,39600.0,2,8.0,8.0,10.0,Informal conversation between two co-workers at Florida International University,Casual_EverydayTalk
Miami,39601.0,4,4.5,4.5,24.0,Informal conversation between two co-workers at Florida International University,Casual_EverydayTalk
Miami,39605.0,4,2.0,2.0,9.0,Informal conversation between two co-workers at Florida International University,Casual_EverydayTalk
Miami,39606.0,4,2.0,2.0,9.0,Informal conversation between two co-workers at Florida International University,Casual_EverydayTalk
Miami,39609.0,4,2.0,2.0,11.0,Informal conversation between two co-workers at Florida International University,Casual_EverydayTalk
Miami,39616.0,4,1.5,1.5,7.0,Informal conversation between two co-workers at Florida International University,Casual_EverydayTalk
Miami,39622.0,6,3.3333333333333335,1.0,17.0,Informal conversation between two co-workers at Florida International University,Casual_EverydayTalk
Miami,39637.0,2,4.0,4.0,7.0,Informal conversation between two co-workers at Florida International University,Casual_EverydayTalk
Miami,39639.0,2,1.0,1.0,15.0,Informal conversation between two co-workers at Florida International University,Affect_Identity
Miami,39642.0,2,1.0,1.0,11.0,Informal conversation between two co-workers at Florida International University,Narratives_Quotations
Miami,39643.0,2,1.0,1.0,5.0,Informal conversation between two co-workers at Florida International University,Casual_EverydayTalk
Miami,39645.0,2,1.0,1.0,5.0,Informal conversation between two co-workers at Florida International University,Casual_EverydayTalk
Miami,39647.0,2,1.0,1.0,9.0,Informal conversation between two co-workers at Florida International University,Casual_EverydayTalk
Miami,39648.0,4,1.5,1.5,7.0,Informal conversation between two co-workers at Florida International University,Casual_EverydayTalk
Miami,39649.0,4,2.0,2.0,8.0,Informal conversation between two co-workers at Florida International University,Casual_EverydayTalk
Miami,39650.0,4,1.5,1.5,6.0,Informal conversation between two co-workers at Florida International University,Casual_EverydayTalk
Miami,39654.0,4,3.5,3.5,11.0,Informal conversation between two co-workers at Florida International University,Casual_EverydayTalk
Miami,39655.0,2,1.0,1.0,5.0,Informal conversation between two co-workers at Florida International University,Casual_EverydayTalk
Miami,39656.0,2,1.0,1.0,4.0,Informal conversation between two co-workers at Florida International University,Casual_EverydayTalk
Miami,39657.0,2,1.0,1.0,4.0,Informal conversation between two co-workers at Florida International University,Casual_EverydayTalk
Miami,39658.0,2,1.0,1.0,3.0,Informal conversation between two co-workers at Florida International University,Casual_EverydayTalk
Miami,39659.0,4,1.0,1.0,4.0,Informal conversation between two co-workers at Florida International University,Casual_EverydayTalk
Miami,39667.0,4,3.0,3.0,11.0,Informal conversation between two co-workers at Florida International University,Casual_EverydayTalk
Miami,39684.0,2,3.0,3.0,5.0,Informal conversation between two co-workers at Florida International University,Casual_EverydayTalk
Miami,39686.0,2,1.0,1.0,4.0,Informal conversation between two co-workers at Florida International University,Casual_EverydayTalk
Miami,39688.0,2,1.0,1.0,6.0,Informal conversation between two co-workers at Florida International University,Casual_EverydayTalk
Miami,39692.0,2,1.0,1.0,7.0,Informal conversation between two co-workers at Florida International University,Casual_EverydayTalk
Miami,39694.0,4,1.0,1.0,8.0,Informal conversation between two co-workers at Florida International University,Casual_EverydayTalk
Miami,39703.0,4,3.0,3.0,8.0,Informal conversation between two co-workers at Florida International University,Casual_EverydayTalk
Miami,39704.0,6,1.3333333333333333,1.0,9.0,Informal conversation between two co-workers at Florida International University,Narratives_Quotations
Miami,39706.0,4,2.0,2.0,10.0,Informal conversation between two co-workers at Florida International University,Narratives_Quotations
Miami,39707.0,4,2.0,2.0,7.0,Informal conversation between two co-workers at Florida International University,Casual_EverydayTalk
Miami,39709.0,4,2.0,2.0,7.0,Informal conversation between two co-workers at Florida International University,Casual_EverydayTalk
Miami,39713.0,2,3.0,3.0,6.0,Informal conversation between two co-workers at Florida International University,Narratives_Quotations
Miami,39727.0,2,1.0,1.0,3.0,Informal conversation between two co-workers at Florida International University,Casual_EverydayTalk
Miami,39738.0,2,1.0,1.0,7.0,Informal conversation between two co-workers at Florida International University,Casual_EverydayTalk
Miami,39741.0,2,1.0,1.0,5.0,Informal conversation between two co-workers at Florida International University,Casual_EverydayTalk
Miami,39742.0,6,2.0,1.0,9.0,Informal conversation between two co-workers at Florida International University,Casual_EverydayTalk
Miami,39754.0,2,2.0,2.0,12.0,Informal conversation between two co-workers at Florida International University,Casual_EverydayTalk
Miami,39765.0,6,1.0,1.0,9.0,Informal conversation between two co-workers at Florida International University,Casual_EverydayTalk
Miami,39859.0,2,1.0,1.0,3.0,Informal conversation between two co-workers at Florida International University,Casual_EverydayTalk
Miami,39880.0,2,3.0,3.0,5.0,Informal conversation between two co-workers at Florida International University,Casual_EverydayTalk
Miami,39948.0,4,3.0,3.0,8.0,Informal conversation between two co-workers at Florida International University,Casual_EverydayTalk
Miami,40022.0,2,1.0,1.0,3.0,Informal conversation between two co-workers at Florida International University,Casual_EverydayTalk
Miami,40047.0,2,3.0,3.0,16.0,Informal conversation between two co-workers at Florida International University,Casual_EverydayTalk
Miami,40077.0,4,2.5,2.5,8.0,Informal conversation between two co-workers at Florida International University,Office_Logistics
Miami,40084.0,2,6.0,6.0,13.0,Informal conversation between two co-workers at Florida International University,Education_YouthOrganizations
Miami,40098.0,4,4.0,4.0,11.0,Informal conversation between two co-workers at Florida International University,Education_YouthOrganizations
Miami,40125.0,2,2.0,2.0,9.0,Informal conversation between two co-workers at Florida International University,ProperNouns_NamedEntities
Miami,40129.0,2,6.0,6.0,9.0,Informal conversation between two co-workers at Florida International University,Casual_EverydayTalk
Miami,40134.0,2,19.0,19.0,21.0,Informal conversation between two co-workers at Florida International University,Casual_EverydayTalk
Miami,40145.0,2,9.0,9.0,11.0,Informal conversation between two co-workers at Florida International University,Affect_Identity
Miami,40149.0,6,3.0,3.0,10.0,Informal conversation between two co-workers at Florida International University,Office_Logistics
Miami,40171.0,2,8.0,8.0,18.0,Informal conversation between two co-workers at Florida International University,Casual_EverydayTalk
Miami,40189.0,2,4.0,4.0,8.0,Informal conversation between two neighbours at Kevin's house,Casual_EverydayTalk
Miami,40190.0,3,3.0,3.0,4.0,Informal conversation between two neighbours at Kevin's house,Casual_EverydayTalk
Miami,40191.0,2,1.0,1.0,5.0,Informal conversation between two neighbours at Kevin's house,Casual_EverydayTalk
Miami,40193.0,2,1.0,1.0,6.0,Informal conversation between two neighbours at Kevin's house,Casual_EverydayTalk
Miami,40207.0,2,2.0,2.0,11.0,Informal conversation between two neighbours at Kevin's house,Casual_EverydayTalk
Miami,40217.0,4,1.0,1.0,18.0,Informal conversation between two neighbours at Kevin's house,Architecture_Design
Miami,40219.0,2,2.0,2.0,11.0,Informal conversation between two neighbours at Kevin's house,Casual_EverydayTalk
Miami,40233.0,4,3.5,3.5,12.0,Informal conversation between two neighbours at Kevin's house,Casual_EverydayTalk
Miami,40243.0,2,1.0,1.0,15.0,Informal conversation between two neighbours at Kevin's house,Office_Logistics
Miami,40245.0,2,2.0,2.0,10.0,Informal conversation between two neighbours at Kevin's house,Narratives_Quotations
Miami,40259.0,4,1.5,1.5,19.0,Informal conversation between two neighbours at Kevin's house,Casual_EverydayTalk
Miami,40266.0,2,4.0,4.0,14.0,Informal conversation between two neighbours at Kevin's house,Casual_EverydayTalk
Miami,40268.0,2,8.0,8.0,24.0,Informal conversation between two neighbours at Kevin's house,Casual_EverydayTalk
Miami,40272.0,2,7.0,7.0,19.0,Informal conversation between two neighbours at Kevin's house,Casual_EverydayTalk
Miami,40282.0,2,1.0,1.0,3.0,Informal conversation between two neighbours at Kevin's house,Casual_EverydayTalk
Miami,40302.0,2,1.0,1.0,6.0,Informal conversation between two neighbours at Kevin's house,Casual_EverydayTalk
Miami,40314.0,2,3.0,3.0,5.0,Informal conversation between two neighbours at Kevin's house,Casual_EverydayTalk
Miami,40315.0,2,13.0,13.0,16.0,Informal conversation between two neighbours at Kevin's house,Casual_EverydayTalk
Miami,40325.0,4,2.0,2.0,14.0,Informal conversation between two neighbours at Kevin's house,Architecture_Design
Miami,40328.0,6,2.0,2.0,8.0,Informal conversation between two neighbours at Kevin's house,Casual_EverydayTalk
Miami,40334.0,2,3.0,3.0,7.0,Informal conversation between two neighbours at Kevin's house,Casual_EverydayTalk
Miami,40341.0,8,2.0,2.0,14.0,Informal conversation between two neighbours at Kevin's house,Casual_EverydayTalk
Miami,40344.0,4,1.5,1.5,9.0,Informal conversation between two neighbours at Kevin's house,Casual_EverydayTalk
Miami,40347.0,2,6.0,6.0,10.0,Informal conversation between two neighbours at Kevin's house,Casual_EverydayTalk
Miami,40421.0,2,4.0,4.0,6.0,Informal conversation between two neighbours at Kevin's house,Narratives_Quotations
Miami,40428.0,2,2.0,2.0,4.0,Informal conversation between two neighbours at Kevin's house,Casual_EverydayTalk
Miami,40438.0,2,3.0,3.0,5.0,Informal conversation between two neighbours at Kevin's house,Casual_EverydayTalk
Miami,40443.0,4,4.0,4.0,14.0,Informal conversation between two neighbours at Kevin's house,Casual_EverydayTalk
Miami,40479.0,2,18.0,18.0,20.0,Informal conversation between two neighbours at Kevin's house,Casual_EverydayTalk
Miami,40486.0,4,1.5,1.5,8.0,Informal conversation between two neighbours at Kevin's house,Casual_EverydayTalk
Miami,40506.0,2,8.0,8.0,9.0,Informal conversation between two neighbours at Kevin's house,Casual_EverydayTalk
Miami,40519.0,2,3.0,3.0,12.0,Informal conversation between two neighbours at Kevin's house,Casual_EverydayTalk
Miami,40531.0,2,2.0,2.0,7.0,Informal conversation between two neighbours at Kevin's house,Casual_EverydayTalk
Miami,40533.0,2,2.0,2.0,6.0,Informal conversation between two neighbours at Kevin's house,Casual_EverydayTalk
Miami,40544.0,2,6.0,6.0,9.0,Informal conversation between two neighbours at Kevin's house,Casual_EverydayTalk
Miami,40549.0,2,26.0,26.0,28.0,Informal conversation between two neighbours at Kevin's house,Narratives_Quotations
Miami,40589.0,2,1.0,1.0,4.0,Informal conversation between two neighbours at Kevin's house,Casual_EverydayTalk
Miami,40606.0,6,5.333333333333333,4.0,26.0,Informal conversation between two neighbours at Kevin's house,Narratives_Quotations
Miami,40622.0,4,2.5,2.5,10.0,Informal conversation between two neighbours at Kevin's house,ProperNouns_NamedEntities
Miami,40634.0,2,4.0,4.0,6.0,Informal conversation between two neighbours at Kevin's house,Casual_EverydayTalk
Miami,40639.0,2,1.0,1.0,6.0,Informal conversation between two neighbours at Kevin's house,Narratives_Quotations
Miami,40642.0,6,3.0,3.0,11.0,Informal conversation between two neighbours at Kevin's house,ProperNouns_NamedEntities
Miami,40646.0,2,8.0,8.0,11.0,Informal conversation between two neighbours at Kevin's house,ProperNouns_NamedEntities
Miami,40649.0,4,3.0,3.0,14.0,Informal conversation between two neighbours at Kevin's house,ProperNouns_NamedEntities
Miami,40651.0,4,7.0,7.0,24.0,Informal conversation between two neighbours at Kevin's house,ProperNouns_NamedEntities
Miami,40652.0,4,2.0,2.0,11.0,Informal conversation between two neighbours at Kevin's house,Casual_EverydayTalk
Miami,40656.0,8,5.5,3.0,24.0,Informal conversation between two neighbours at Kevin's house,ProperNouns_NamedEntities
Miami,40660.0,4,2.5,2.5,11.0,Informal conversation between two neighbours at Kevin's house,ProperNouns_NamedEntities
Miami,40661.0,6,1.3333333333333333,1.0,7.0,Informal conversation between two neighbours at Kevin's house,ProperNouns_NamedEntities
Miami,40664.0,2,4.0,4.0,12.0,Informal conversation between two neighbours at Kevin's house,ProperNouns_NamedEntities
Miami,40666.0,4,1.0,1.0,12.0,Informal conversation between two neighbours at Kevin's house,ProperNouns_NamedEntities
Miami,40676.0,2,3.0,3.0,17.0,Informal conversation between two neighbours at Kevin's house,ProperNouns_NamedEntities
Miami,40677.0,4,2.0,2.0,23.0,Informal conversation between two neighbours at Kevin's house,Office_Logistics
Miami,40680.0,4,4.5,4.5,12.0,Informal conversation between two neighbours at Kevin's house,Casual_EverydayTalk
Miami,40681.0,22,2.6363636363636362,1.0,45.0,Informal conversation between two neighbours at Kevin's house,Office_Logistics
Miami,40686.0,2,2.0,2.0,5.0,Informal conversation between two neighbours at Kevin's house,Casual_EverydayTalk
Miami,40687.0,10,5.8,2.0,32.0,Informal conversation between two neighbours at Kevin's house,Office_Logistics
Miami,40695.0,2,3.0,3.0,12.0,Informal conversation between two neighbours at Kevin's house,Office_Logistics
Miami,40696.0,2,2.0,2.0,6.0,Informal conversation between two neighbours at Kevin's house,Casual_EverydayTalk
Miami,40704.0,2,6.0,6.0,10.0,Informal conversation between two neighbours at Kevin's house,Workplace_Technical
Miami,40710.0,4,2.5,2.5,12.0,Informal conversation between two neighbours at Kevin's house,Casual_EverydayTalk
Miami,40718.0,2,11.0,11.0,13.0,Informal conversation between two neighbours at Kevin's house,Casual_EverydayTalk
Miami,40720.0,2,2.0,2.0,5.0,Informal conversation between two neighbours at Kevin's house,Casual_EverydayTalk
Miami,40722.0,6,1.6666666666666667,1.0,16.0,Informal conversation between two neighbours at Kevin's house,Narratives_Quotations
Miami,40725.0,4,2.0,2.0,12.0,Informal conversation between two neighbours at Kevin's house,Casual_EverydayTalk
Miami,40737.0,2,1.0,1.0,11.0,Informal conversation between two neighbours at Kevin's house,Casual_EverydayTalk
Miami,40739.0,8,3.25,3.5,18.0,Informal conversation between two neighbours at Kevin's house,Workplace_Technical
Miami,40748.0,2,1.0,1.0,3.0,Informal conversation between two neighbours at Kevin's house,Casual_EverydayTalk
Miami,40751.0,2,3.0,3.0,11.0,Informal conversation between two neighbours at Kevin's house,Narratives_Quotations
Miami,40755.0,2,3.0,3.0,6.0,Informal conversation between two neighbours at Kevin's house,ProperNouns_NamedEntities
Miami,40757.0,2,5.0,5.0,7.0,Informal conversation between two neighbours at Kevin's house,Casual_EverydayTalk
Miami,40758.0,6,2.6666666666666665,1.0,16.0,Informal conversation between two neighbours at Kevin's house,Narratives_Quotations
Miami,40762.0,6,3.0,2.0,14.0,Informal conversation between two neighbours at Kevin's house,Narratives_Quotations
Miami,40774.0,2,15.0,15.0,17.0,Informal conversation between two neighbours at Kevin's house,Narratives_Quotations
Miami,40781.0,2,8.0,8.0,11.0,Informal conversation between two neighbours at Kevin's house,Narratives_Quotations
Miami,40799.0,2,2.0,2.0,6.0,Informal conversation between two neighbours at Kevin's house,Casual_EverydayTalk
Miami,40801.0,10,1.0,1.0,13.0,Informal conversation between two neighbours at Kevin's house,ProperNouns_NamedEntities
Miami,40802.0,4,5.5,5.5,13.0,Informal conversation between two neighbours at Kevin's house,Narratives_Quotations
Miami,40820.0,2,2.0,2.0,5.0,Informal conversation between two neighbours at Kevin's house,Casual_EverydayTalk
Miami,40824.0,2,3.0,3.0,8.0,Informal conversation between two neighbours at Kevin's house,Casual_EverydayTalk
Miami,40826.0,2,2.0,2.0,9.0,Informal conversation between two neighbours at Kevin's house,Education_YouthOrganizations
Miami,40827.0,2,12.0,12.0,14.0,Informal conversation between two neighbours at Kevin's house,Casual_EverydayTalk
Miami,40838.0,2,12.0,12.0,13.0,Informal conversation between two neighbours at Kevin's house,Casual_EverydayTalk
Miami,40844.0,2,2.0,2.0,12.0,Informal conversation between two neighbours at Kevin's house,Casual_EverydayTalk
Miami,40845.0,12,5.333333333333333,4.5,40.0,Informal conversation between two neighbours at Kevin's house,Casual_EverydayTalk
Miami,40857.0,2,4.0,4.0,9.0,Informal conversation between two neighbours at Kevin's house,Workplace_Technical
Miami,40864.0,12,2.8333333333333335,3.0,19.0,Informal conversation between two neighbours at Kevin's house,Workplace_Technical
Miami,40868.0,2,11.0,11.0,14.0,Informal conversation between two neighbours at Kevin's house,Narratives_Quotations
Miami,40879.0,4,5.0,5.0,13.0,Informal conversation between two neighbours at Kevin's house,Casual_EverydayTalk
Miami,40883.0,2,4.0,4.0,6.0,Informal conversation between two neighbours at Kevin's house,Casual_EverydayTalk
Miami,40884.0,6,1.0,1.0,6.0,Informal conversation between two neighbours at Kevin's house,Casual_EverydayTalk
Miami,40887.0,8,3.25,2.0,20.0,Informal conversation between two neighbours at Kevin's house,Narratives_Quotations
Miami,40892.0,2,8.0,8.0,10.0,Informal conversation between two neighbours at Kevin's house,Narratives_Quotations
Miami,40895.0,4,12.5,12.5,27.0,Informal conversation between two neighbours at Kevin's house,Narratives_Quotations
Miami,40898.0,2,1.0,1.0,3.0,Informal conversation between two neighbours at Kevin's house,Casual_EverydayTalk
Miami,40903.0,4,1.0,1.0,5.0,Informal conversation between two neighbours at Kevin's house,Casual_EverydayTalk
Miami,40904.0,2,4.0,4.0,7.0,Informal conversation between two neighbours at Kevin's house,Casual_EverydayTalk
Miami,40917.0,2,4.0,4.0,30.0,Informal conversation between two neighbours at Kevin's house,Narratives_Quotations
Miami,40918.0,2,1.0,1.0,6.0,Informal conversation between two neighbours at Kevin's house,Casual_EverydayTalk
Miami,40920.0,2,12.0,12.0,15.0,Informal conversation between two neighbours at Kevin's house,Casual_EverydayTalk
Miami,40923.0,2,7.0,7.0,16.0,Informal conversation between two neighbours at Kevin's house,Narratives_Quotations
Miami,40933.0,2,1.0,1.0,4.0,Informal conversation between two neighbours at Kevin's house,Casual_EverydayTalk
Miami,40971.0,6,1.3333333333333333,1.0,11.0,Informal conversation between two neighbours at Kevin's house,Narratives_Quotations
Miami,40978.0,8,4.5,3.0,24.0,Informal conversation between two neighbours at Kevin's house,Narratives_Quotations
Miami,40994.0,2,4.0,4.0,6.0,Informal conversation between two neighbours at Kevin's house,Casual_EverydayTalk
Miami,41007.0,4,6.5,6.5,24.0,Informal conversation between two neighbours at Kevin's house,Casual_EverydayTalk
Miami,41010.0,2,9.0,9.0,11.0,Informal conversation between two neighbours at Kevin's house,Casual_EverydayTalk
Miami,41011.0,2,2.0,2.0,7.0,Informal conversation between two neighbours at Kevin's house,Casual_EverydayTalk
Miami,41023.0,2,14.0,14.0,18.0,Informal conversation between two neighbours at Kevin's house,Narratives_Quotations
Miami,41031.0,2,9.0,9.0,18.0,Informal conversation between two neighbours at Kevin's house,Casual_EverydayTalk
Miami,41032.0,4,2.5,2.5,8.0,Informal conversation between two neighbours at Kevin's house,Casual_EverydayTalk
Miami,41039.0,4,5.0,5.0,19.0,Informal conversation between two neighbours at Kevin's house,Narratives_Quotations
Miami,41056.0,2,2.0,2.0,12.0,Informal conversation between two neighbours at Kevin's house,Workplace_Technical
Miami,41081.0,6,2.3333333333333335,1.0,9.0,Informal conversation between two neighbours at Kevin's house,Casual_EverydayTalk
Miami,41099.0,2,4.0,4.0,12.0,Informal conversation between two neighbours at Kevin's house,Narratives_Quotations
Miami,41138.0,4,3.0,3.0,10.0,Informal conversation between two neighbours at Kevin's house,Workplace_Technical
Miami,41148.0,2,1.0,1.0,7.0,Informal conversation between two neighbours at Kevin's house,Office_Logistics
Miami,41174.0,4,2.0,2.0,6.0,Informal telephone conversation between two friends,Casual_EverydayTalk
Miami,41203.0,4,1.0,1.0,7.0,Informal telephone conversation between two friends,Casual_EverydayTalk
Miami,41219.0,2,1.0,1.0,4.0,Informal telephone conversation between two friends,Casual_EverydayTalk
Miami,41242.0,4,2.5,2.5,20.0,Informal telephone conversation between two friends,Narratives_Quotations
Miami,41251.0,6,4.666666666666667,1.0,20.0,Informal telephone conversation between two friends,Narratives_Quotations
Miami,41255.0,2,1.0,1.0,6.0,Informal telephone conversation between two friends,Narratives_Quotations
Miami,41256.0,4,4.5,4.5,15.0,Informal telephone conversation between two friends,Narratives_Quotations
Miami,41258.0,2,1.0,1.0,3.0,Informal telephone conversation between two friends,Casual_EverydayTalk
Miami,41268.0,2,10.0,10.0,13.0,Informal telephone conversation between two friends,Casual_EverydayTalk
Miami,41282.0,4,1.5,1.5,8.0,Informal telephone conversation between two friends,Casual_EverydayTalk
Miami,41289.0,2,6.0,6.0,7.0,Informal telephone conversation between two friends,Casual_EverydayTalk
Miami,41298.0,2,22.0,22.0,24.0,Informal telephone conversation between two friends,Narratives_Quotations
Miami,41302.0,6,4.0,2.0,15.0,Informal telephone conversation between two friends,Casual_EverydayTalk
Miami,41315.0,2,1.0,1.0,15.0,Informal telephone conversation between two friends,Casual_EverydayTalk
Miami,41332.0,2,5.0,5.0,8.0,Informal telephone conversation between two friends,Casual_EverydayTalk
Miami,41344.0,2,7.0,7.0,9.0,Informal telephone conversation between two friends,Casual_EverydayTalk
Miami,41360.0,4,5.5,5.5,19.0,Informal telephone conversation between two friends,Casual_EverydayTalk
Miami,41363.0,4,6.5,6.5,19.0,Informal telephone conversation between two friends,Casual_EverydayTalk
Miami,41364.0,4,1.5,1.5,11.0,Informal telephone conversation between two friends,Casual_EverydayTalk
Miami,41376.0,8,3.25,1.5,17.0,Informal telephone conversation between two friends,Affect_Identity
Miami,41378.0,2,3.0,3.0,5.0,Informal telephone conversation between two friends,Casual_EverydayTalk
Miami,41386.0,2,5.0,5.0,7.0,Informal telephone conversation between two friends,Narratives_Quotations
Miami,41396.0,2,3.0,3.0,6.0,Informal telephone conversation between two friends,Casual_EverydayTalk
Miami,41397.0,2,5.0,5.0,10.0,Informal telephone conversation between two friends,Casual_EverydayTalk
Miami,41407.0,4,4.5,4.5,12.0,Informal telephone conversation between two friends,Casual_EverydayTalk
Miami,41410.0,2,1.0,1.0,7.0,Informal telephone conversation between two friends,Casual_EverydayTalk
Miami,41418.0,2,1.0,1.0,6.0,Informal telephone conversation between two friends,Casual_EverydayTalk
Miami,41452.0,4,1.0,1.0,8.0,Informal telephone conversation between two friends,Casual_EverydayTalk
Miami,41469.0,4,4.5,4.5,17.0,Informal telephone conversation between two friends,Affect_Identity
Miami,41490.0,2,1.0,1.0,10.0,Informal telephone conversation between two friends,Education_YouthOrganizations
Miami,41549.0,5,8.5,8.5,36.0,Informal telephone conversation between two friends,Casual_EverydayTalk
Miami,41574.0,4,3.5,3.5,12.0,Informal telephone conversation between two friends,Casual_EverydayTalk
Miami,41576.0,2,1.0,1.0,19.0,Informal telephone conversation between two friends,Narratives_Quotations
Miami,41589.0,4,5.5,5.5,20.0,Informal telephone conversation between two friends,Casual_EverydayTalk
Miami,41627.0,4,4.0,4.0,13.0,Informal telephone conversation between two friends,Casual_EverydayTalk
Miami,41714.0,4,6.5,6.5,14.0,Informal telephone conversation between two friends,Casual_EverydayTalk
Miami,41718.0,4,6.0,6.0,21.0,Informal telephone conversation between two friends,Narratives_Quotations
Miami,41722.0,4,1.5,1.5,10.0,Informal telephone conversation between two friends,Casual_EverydayTalk
Miami,41725.0,2,1.0,1.0,10.0,Informal telephone conversation between two friends,Casual_EverydayTalk
Miami,41769.0,2,1.0,1.0,16.0,Informal telephone conversation between two friends,Casual_EverydayTalk
Miami,41773.0,2,6.0,6.0,9.0,Informal telephone conversation between two friends,Casual_EverydayTalk
Miami,41806.0,3,4.0,4.0,10.0,Informal telephone conversation between two friends,Narratives_Quotations
Miami,41820.0,4,1.0,1.0,20.0,Informal telephone conversation between two friends,Narratives_Quotations
Miami,41822.0,4,5.0,5.0,18.0,Informal telephone conversation between two friends,Narratives_Quotations
Miami,41824.0,4,2.5,2.5,11.0,Informal telephone conversation between two friends,Casual_EverydayTalk
Miami,41858.0,2,3.0,3.0,5.0,Informal telephone conversation between two friends,Casual_EverydayTalk
Miami,41908.0,4,3.5,3.5,9.0,Informal telephone conversation between two friends,Casual_EverydayTalk
Miami,42011.0,2,1.0,1.0,17.0,Informal telephone conversation between two friends,Narratives_Quotations
Miami,42033.0,2,1.0,1.0,8.0,Informal telephone conversation between two friends,Casual_EverydayTalk
Miami,42036.0,2,1.0,1.0,8.0,Informal telephone conversation between two friends,Casual_EverydayTalk
Miami,42052.0,2,10.0,10.0,20.0,MAR is in her office talking to colleague.,Workplace_Technical
Miami,42055.0,2,5.0,5.0,14.0,MAR is in her office talking to colleague.,Narratives_Quotations
Miami,42058.0,2,7.0,7.0,12.0,MAR is in her office talking to colleague.,Office_Logistics
Miami,42062.0,2,2.0,2.0,5.0,MAR is in her office talking to colleague.,Office_Logistics
Miami,42065.0,2,4.0,4.0,11.0,MAR is in her office talking to colleague.,Education_YouthOrganizations
Miami,42086.0,2,2.0,2.0,4.0,MAR is in her office talking to colleague.,Casual_EverydayTalk
Miami,42087.0,4,5.0,5.0,12.0,MAR is in her office talking to colleague.,Workplace_Technical
Miami,42102.0,2,4.0,4.0,7.0,MAR is in her office talking to colleague.,Office_Logistics
Miami,42107.0,2,10.0,10.0,12.0,MAR is in her office talking to colleague.,Workplace_Technical
Miami,42249.0,10,2.0,1.0,16.0,MAR is in her office talking to colleague.,Narratives_Quotations
Miami,42260.0,2,5.0,5.0,7.0,MAR is in her office talking to colleague.,Education_YouthOrganizations
Miami,42262.0,2,11.0,11.0,17.0,MAR is in her office talking to colleague.,Office_Logistics
Miami,42267.0,4,2.5,2.5,15.0,MAR is in her office talking to colleague.,Office_Logistics
Miami,42312.0,4,1.0,1.0,8.0,MAR is in her office talking to colleague.,Workplace_Technical
Miami,42468.0,2,5.0,5.0,7.0,Informal conversation between a couple at their house,Casual_EverydayTalk
Miami,42474.0,2,1.0,1.0,8.0,Informal conversation between a couple at their house,Casual_EverydayTalk
Miami,42475.0,2,1.0,1.0,3.0,Informal conversation between a couple at their house,Casual_EverydayTalk
Miami,42494.0,4,8.0,8.0,19.0,Informal conversation between a couple at their house,Narratives_Quotations
Miami,42495.0,2,14.0,14.0,16.0,Informal conversation between a couple at their house,Narratives_Quotations
Miami,42535.0,2,1.0,1.0,15.0,Informal conversation between a couple at their house,Narratives_Quotations
Miami,42568.0,2,6.0,6.0,8.0,Informal conversation between a couple at their house,Casual_EverydayTalk
Miami,42580.0,2,4.0,4.0,6.0,Informal conversation between a couple at their house,Casual_EverydayTalk
Miami,42646.0,2,2.0,2.0,9.0,Informal conversation between a couple at their house,Office_Logistics
Miami,42752.0,2,2.0,2.0,23.0,Informal conversation between a couple at their house,Casual_EverydayTalk
Miami,42768.0,2,1.0,1.0,4.0,Informal conversation between a couple at their house,Casual_EverydayTalk
Miami,42820.0,2,1.0,1.0,5.0,Informal conversation between a couple at their house,Workplace_Technical
Miami,42847.0,2,2.0,2.0,12.0,Informal conversation between a couple at their house,ProperNouns_NamedEntities
Miami,42866.0,2,1.0,1.0,3.0,Informal conversation between a couple at their house,Casual_EverydayTalk
Miami,42867.0,6,3.3333333333333335,4.0,13.0,Informal conversation between a couple at their house,ProperNouns_NamedEntities
Miami,42877.0,2,5.0,5.0,8.0,Informal conversation between a couple at their house,Casual_EverydayTalk
Miami,42881.0,6,3.0,1.0,14.0,Informal conversation between a couple at their house,Narratives_Quotations
Miami,42895.0,4,1.5,1.5,11.0,Informal conversation between a couple at their house,Casual_EverydayTalk
Miami,42932.0,2,1.0,1.0,4.0,Informal conversation between a couple at their house,Affect_Identity
Miami,42993.0,2,1.0,1.0,9.0,Informal conversation between a couple at their house,Casual_EverydayTalk
Miami,42994.0,2,2.0,2.0,4.0,Informal conversation between a couple at their house,Casual_EverydayTalk
Miami,43062.0,2,1.0,1.0,3.0,Informal conversation between a couple at their house,Casual_EverydayTalk
Miami,43116.0,2,2.0,2.0,5.0,Informal conversation between a couple at their house,Casual_EverydayTalk
Miami,43189.0,4,1.0,1.0,8.0,Informal conversation between two friends at Florida International University,Casual_EverydayTalk
Miami,43193.0,4,2.0,2.0,8.0,Informal conversation between two friends at Florida International University,Casual_EverydayTalk
Miami,43194.0,6,1.0,1.0,5.0,Informal conversation between two friends at Florida International University,Casual_EverydayTalk
Miami,43203.0,2,1.0,1.0,13.0,Informal conversation between two friends at Florida International University,Casual_EverydayTalk
Miami,43212.0,2,1.0,1.0,8.0,Informal conversation between two friends at Florida International University,Affect_Identity
Miami,43529.0,2,5.0,5.0,7.0,Informal conversation between two friends at Florida International University,Casual_EverydayTalk
Miami,43539.0,2,1.0,1.0,3.0,Informal conversation between two friends at Florida International University,Casual_EverydayTalk
Miami,43545.0,2,1.0,1.0,4.0,Informal conversation between two friends at Florida International University,Casual_EverydayTalk
Miami,43547.0,2,2.0,2.0,4.0,Informal conversation between two friends at Florida International University,Casual_EverydayTalk
Miami,43548.0,2,1.0,1.0,5.0,Informal conversation between two friends at Florida International University,Casual_EverydayTalk
Miami,43551.0,4,2.0,2.0,19.0,Informal conversation between two friends at Florida International University,Casual_EverydayTalk
Miami,43557.0,2,1.0,1.0,4.0,Informal conversation between two friends at Florida International University,Casual_EverydayTalk
Miami,43558.0,2,3.0,3.0,5.0,Informal conversation between two friends at Florida International University,ProperNouns_NamedEntities
Miami,43559.0,2,2.0,2.0,9.0,Informal conversation between two friends at Florida International University,Casual_EverydayTalk
Miami,43721.0,2,1.0,1.0,21.0,Informal conversation between two friends at Florida International University,Narratives_Quotations
Miami,43725.0,2,1.0,1.0,6.0,Informal conversation between two friends at Florida International University,Casual_EverydayTalk
Miami,43728.0,2,3.0,3.0,5.0,Informal conversation between two friends at Florida International University,Casual_EverydayTalk
Miami,43731.0,4,6.0,6.0,17.0,Informal conversation between two friends at Florida International University,Casual_EverydayTalk
Miami,43742.0,4,8.5,8.5,28.0,Informal conversation between two friends at Florida International University,Casual_EverydayTalk
Miami,43751.0,4,4.5,4.5,12.0,Informal conversation between two friends at Florida International University,Casual_EverydayTalk
Miami,43758.0,2,1.0,1.0,3.0,Informal conversation between two friends at Florida International University,Casual_EverydayTalk
Miami,43768.0,4,5.5,5.5,13.0,Informal conversation between two friends at Florida International University,Casual_EverydayTalk
Miami,43831.0,4,2.0,2.0,8.0,Informal conversation between two friends at Florida International University,Casual_EverydayTalk
Miami,43838.0,6,1.0,1.0,11.0,Informal conversation between two friends at Florida International University,Casual_EverydayTalk
Miami,43841.0,2,1.0,1.0,3.0,Informal conversation between two friends at Florida International University,Casual_EverydayTalk
Miami,43921.0,4,10.0,10.0,32.0,Informal conversation between two friends at Florida International University,Casual_EverydayTalk
Miami,43933.0,2,2.0,2.0,5.0,Informal conversation between two friends at Florida International University,Casual_EverydayTalk
Miami,43950.0,4,1.5,1.5,9.0,Informal conversation between two friends at Florida International University,Casual_EverydayTalk
Miami,43951.0,2,4.0,4.0,5.0,Informal conversation between two friends at Florida International University,Casual_EverydayTalk
Miami,44564.0,4,6.5,6.5,32.0,Informal conversation bteween two friends at Florida International University,Narratives_Quotations
Miami,44648.0,4,6.5,6.5,23.0,Informal conversation bteween two friends at Florida International University,Narratives_Quotations
Miami,44675.0,2,3.0,3.0,8.0,Informal conversation bteween two friends at Florida International University,Narratives_Quotations
Miami,44725.0,4,6.5,6.5,19.0,Informal conversation bteween two friends at Florida International University,Narratives_Quotations
Miami,44837.0,6,2.0,1.0,10.0,Informal conversation at Florida International University,Casual_EverydayTalk
Miami,44841.0,2,1.0,1.0,5.0,Informal conversation at Florida International University,Casual_EverydayTalk
Miami,44870.0,4,6.5,6.5,17.0,Informal conversation at Florida International University,Education_YouthOrganizations
Miami,44884.0,4,4.0,4.0,11.0,Informal conversation at Florida International University,Narratives_Quotations
Miami,44954.0,2,2.0,2.0,4.0,Informal conversation at Florida International University,Casual_EverydayTalk
Miami,44959.0,2,2.0,2.0,8.0,Informal conversation at Florida International University,Casual_EverydayTalk
Miami,44961.0,10,2.6,2.0,15.0,Informal conversation at Florida International University,Casual_EverydayTalk
Miami,44962.0,2,3.0,3.0,7.0,Informal conversation at Florida International University,Casual_EverydayTalk
Miami,44966.0,2,1.0,1.0,13.0,Informal conversation at Florida International University,Casual_EverydayTalk
Miami,44971.0,2,6.0,6.0,9.0,Informal conversation at Florida International University,Casual_EverydayTalk
Miami,44977.0,4,2.5,2.5,7.0,Informal conversation at Florida International University,Casual_EverydayTalk
Miami,44992.0,2,1.0,1.0,9.0,Informal conversation at Florida International University,Narratives_Quotations
Miami,45026.0,5,6.0,6.0,17.0,Informal conversation at Florida International University,Casual_EverydayTalk
Miami,45047.0,2,3.0,3.0,7.0,Informal conversation at Florida International University,Casual_EverydayTalk
Miami,45074.0,2,2.0,2.0,6.0,Informal conversation at Florida International University,Casual_EverydayTalk
Miami,45083.0,4,1.5,1.5,7.0,Informal conversation at Florida International University,Education_YouthOrganizations
Miami,45087.0,4,2.5,2.5,10.0,Informal conversation at Florida International University,Narratives_Quotations
Miami,45099.0,2,2.0,2.0,7.0,Informal conversation at Florida International University,Casual_EverydayTalk
Miami,45130.0,4,2.0,2.0,13.0,Informal conversation at Florida International University,Casual_EverydayTalk
Miami,45148.0,8,2.75,2.0,15.0,Informal conversation at Florida International University,Casual_EverydayTalk
Miami,45178.0,2,4.0,4.0,16.0,Informal conversation at Florida International University,Education_YouthOrganizations
Miami,45180.0,2,3.0,3.0,7.0,Informal conversation at Florida International University,Casual_EverydayTalk
Miami,45181.0,6,1.6666666666666667,2.0,7.0,Informal conversation at Florida International University,Narratives_Quotations
Miami,45183.0,4,1.0,1.0,8.0,Informal conversation at Florida International University,Narratives_Quotations
Miami,45189.0,2,3.0,3.0,5.0,Informal conversation at Florida International University,ProperNouns_NamedEntities
Miami,45190.0,2,9.0,9.0,11.0,Informal conversation at Florida International University,Narratives_Quotations
Miami,45194.0,6,3.6666666666666665,2.0,18.0,Informal conversation at Florida International University,ProperNouns_NamedEntities
Miami,45207.0,2,6.0,6.0,8.0,Informal conversation at Florida International University,Casual_EverydayTalk
Miami,45210.0,2,1.0,1.0,4.0,Informal conversation at Florida International University,Casual_EverydayTalk
Miami,45225.0,2,1.0,1.0,12.0,Informal conversation at Florida International University,Architecture_Design
Miami,45227.0,2,1.0,1.0,6.0,Informal conversation at Florida International University,Narratives_Quotations
Miami,45230.0,2,1.0,1.0,7.0,Informal conversation at Florida International University,Narratives_Quotations
Miami,45262.0,2,3.0,3.0,5.0,Informal conversation at Florida International University,ProperNouns_NamedEntities
Miami,45271.0,2,7.0,7.0,22.0,Informal conversation at Florida International University,Casual_EverydayTalk
Miami,45274.0,4,3.0,3.0,16.0,Informal conversation at Florida International University,Affect_Identity
Miami,45286.0,2,1.0,1.0,11.0,Informal conversation at Florida International University,Casual_EverydayTalk
Miami,45350.0,2,7.0,7.0,8.0,Informal conversation at Florida International University,Casual_EverydayTalk
Miami,45363.0,2,10.0,10.0,12.0,Informal conversation at Florida International University,Casual_EverydayTalk
Miami,45401.0,4,3.0,3.0,8.0,Informal conversation at Florida International University,Casual_EverydayTalk
Miami,45427.0,2,1.0,1.0,3.0,Informal conversation at Florida International University,Casual_EverydayTalk
Miami,45439.0,2,3.0,3.0,5.0,Informal conversation at Florida International University,Casual_EverydayTalk
Miami,45440.0,2,2.0,2.0,5.0,Informal conversation at Florida International University,Casual_EverydayTalk
Miami,45445.0,2,1.0,1.0,8.0,Informal conversation at Florida International University,Architecture_Design
Miami,45449.0,4,5.5,5.5,20.0,Informal conversation at Florida International University,Casual_EverydayTalk
Miami,45451.0,2,1.0,1.0,7.0,Informal conversation at Florida International University,Casual_EverydayTalk
Miami,45461.0,4,2.5,2.5,20.0,Informal conversation at Florida International University,Architecture_Design
Miami,45465.0,2,5.0,5.0,7.0,Informal conversation at Florida International University,Casual_EverydayTalk
Miami,45466.0,2,15.0,15.0,20.0,Informal conversation at Florida International University,Casual_EverydayTalk
Miami,45467.0,2,4.0,4.0,12.0,Informal conversation at Florida International University,Casual_EverydayTalk
Miami,45486.0,10,2.2,2.0,16.0,Informal conversation at Florida International University,Architecture_Design
Miami,45489.0,2,1.0,1.0,9.0,Informal conversation at Florida International University,Casual_EverydayTalk
Miami,45492.0,4,1.0,1.0,10.0,Informal conversation at Florida International University,Casual_EverydayTalk
Miami,45503.0,2,1.0,1.0,5.0,Informal conversation at Florida International University,Casual_EverydayTalk
Miami,45516.0,4,5.5,5.5,21.0,Informal conversation at Florida International University,Narratives_Quotations
Miami,45518.0,4,3.0,3.0,14.0,Informal conversation at Florida International University,Architecture_Design
Miami,45521.0,2,2.0,2.0,8.0,Informal conversation at Florida International University,Casual_EverydayTalk
Miami,45527.0,2,1.0,1.0,4.0,Informal conversation at Florida International University,Casual_EverydayTalk
Miami,45539.0,2,3.0,3.0,8.0,Informal conversation at Florida International University,Casual_EverydayTalk
Miami,45541.0,2,1.0,1.0,12.0,Informal conversation at Florida International University,Architecture_Design
Miami,45542.0,2,3.0,3.0,5.0,Informal conversation at Florida International University,Casual_EverydayTalk
Miami,45548.0,2,1.0,1.0,6.0,Informal conversation at Florida International University,Casual_EverydayTalk
Miami,45616.0,2,6.0,6.0,9.0,Informal conversation at Florida International University,Casual_EverydayTalk
Miami,45665.0,4,1.0,1.0,12.0,Informal conversation at Florida International University,Casual_EverydayTalk
Miami,45721.0,2,6.0,6.0,10.0,Informal conversation at Florida International University,Narratives_Quotations
Miami,45727.0,4,2.5,2.5,9.0,Informal conversation at Florida International University,Casual_EverydayTalk
Miami,45744.0,4,2.0,2.0,6.0,Informal conversation at Florida International University,Casual_EverydayTalk
Miami,45754.0,2,2.0,2.0,9.0,Informal conversation at Florida International University,Casual_EverydayTalk
Miami,45780.0,6,3.3333333333333335,1.0,14.0,Informal conversation at Florida International University,Casual_EverydayTalk
Miami,45782.0,2,4.0,4.0,12.0,Informal conversation at Florida International University,Casual_EverydayTalk
Miami,45785.0,2,2.0,2.0,10.0,Informal conversation at Abel's house,Casual_EverydayTalk
Miami,45795.0,4,2.5,2.5,13.0,Informal conversation at Abel's house,Casual_EverydayTalk
Miami,45797.0,2,2.0,2.0,16.0,Informal conversation at Abel's house,ProperNouns_NamedEntities
Miami,45799.0,4,1.5,1.5,6.0,Informal conversation at Abel's house,ProperNouns_NamedEntities
Miami,45800.0,2,2.0,2.0,11.0,Informal conversation at Abel's house,ProperNouns_NamedEntities
Miami,45801.0,2,2.0,2.0,11.0,Informal conversation at Abel's house,ProperNouns_NamedEntities
Miami,45802.0,4,3.0,3.0,15.0,Informal conversation at Abel's house,Casual_EverydayTalk
Miami,45803.0,8,2.25,2.0,15.0,Informal conversation at Abel's house,Casual_EverydayTalk
Miami,45820.0,4,3.5,3.5,9.0,Informal conversation at Abel's house,Casual_EverydayTalk
Miami,45825.0,2,4.0,4.0,14.0,Informal conversation at Abel's house,ProperNouns_NamedEntities
Miami,45838.0,2,1.0,1.0,9.0,Informal conversation at Abel's house,Casual_EverydayTalk
Miami,45848.0,2,2.0,2.0,4.0,Informal conversation at Abel's house,Casual_EverydayTalk
Miami,45850.0,2,12.0,12.0,14.0,Informal conversation at Abel's house,Casual_EverydayTalk
Miami,45856.0,8,2.5,2.0,12.0,Informal conversation at Abel's house,Education_YouthOrganizations
Miami,45861.0,6,3.3333333333333335,4.0,14.0,Informal conversation at Abel's house,Education_YouthOrganizations
Miami,45881.0,4,3.5,3.5,16.0,Informal conversation at Abel's house,Affect_Identity
Miami,45884.0,4,4.0,4.0,9.0,Informal conversation at Abel's house,Casual_EverydayTalk
Miami,45973.0,2,1.0,1.0,16.0,Informal conversation at Abel's house,Casual_EverydayTalk
Miami,45992.0,4,2.0,2.0,13.0,Informal conversation at Abel's house,Office_Logistics
Miami,45994.0,2,1.0,1.0,9.0,Informal conversation at Abel's house,Office_Logistics
Miami,46015.0,2,2.0,2.0,7.0,Informal conversation at Abel's house,Casual_EverydayTalk
Miami,46017.0,2,4.0,4.0,8.0,Informal conversation at Abel's house,Workplace_Technical
Miami,46022.0,4,2.0,2.0,11.0,Informal conversation at Abel's house,Casual_EverydayTalk
Miami,46024.0,2,3.0,3.0,5.0,Informal conversation at Abel's house,Office_Logistics
Miami,46025.0,4,2.5,2.5,7.0,Informal conversation at Abel's house,Casual_EverydayTalk
Miami,46046.0,2,2.0,2.0,5.0,Informal conversation at Abel's house,Casual_EverydayTalk
Miami,46050.0,2,3.0,3.0,6.0,Informal conversation at Abel's house,Workplace_Technical
Miami,46056.0,4,1.5,1.5,8.0,Informal conversation at Abel's house,Workplace_Technical
Miami,46064.0,2,18.0,18.0,20.0,Informal conversation at Abel's house,Casual_EverydayTalk
Miami,46073.0,2,3.0,3.0,10.0,Informal conversation at Abel's house,Narratives_Quotations
Miami,46077.0,2,16.0,16.0,17.0,Informal conversation at Abel's house,Casual_EverydayTalk
Miami,46095.0,4,1.0,1.0,4.0,Informal conversation at Abel's house,Casual_EverydayTalk
Miami,46135.0,2,1.0,1.0,3.0,Informal conversation at Abel's house,ProperNouns_NamedEntities
Miami,46139.0,2,7.0,7.0,9.0,Informal conversation at Abel's house,ProperNouns_NamedEntities
Miami,46163.0,2,6.0,6.0,10.0,Informal conversation at Abel's house,Casual_EverydayTalk
Miami,46177.0,2,2.0,2.0,4.0,Informal conversation at Abel's house,Casual_EverydayTalk
Miami,46178.0,2,7.0,7.0,9.0,Informal conversation at Abel's house,Casual_EverydayTalk
Miami,46193.0,2,2.0,2.0,7.0,Informal conversation at Abel's house,Casual_EverydayTalk
Miami,46218.0,6,7.0,8.0,23.0,Informal conversation at Abel's house,Casual_EverydayTalk
Miami,46226.0,4,3.0,3.0,10.0,Informal conversation at Abel's house,Affect_Identity
Miami,46269.0,2,6.0,6.0,9.0,Informal conversation at Abel's house,Casual_EverydayTalk
Miami,46284.0,4,1.0,1.0,6.0,Informal conversation at Abel's house,Casual_EverydayTalk
Miami,46286.0,2,1.0,1.0,4.0,Informal conversation at Abel's house,Casual_EverydayTalk
Miami,46292.0,4,2.5,2.5,16.0,Informal conversation at Abel's house,Casual_EverydayTalk
Miami,46295.0,2,1.0,1.0,4.0,Informal conversation at Abel's house,Casual_EverydayTalk
Miami,46311.0,8,2.25,1.5,19.0,Informal conversation between neighbours at Ethan's house,Casual_EverydayTalk
Miami,46321.0,4,3.0,3.0,21.0,Informal conversation between neighbours at Ethan's house,Casual_EverydayTalk
Miami,46334.0,2,9.0,9.0,18.0,Informal conversation between neighbours at Ethan's house,Casual_EverydayTalk
Miami,46337.0,4,2.0,2.0,9.0,Informal conversation between neighbours at Ethan's house,Casual_EverydayTalk
Miami,46338.0,2,10.0,10.0,13.0,Informal conversation between neighbours at Ethan's house,Casual_EverydayTalk
Miami,46343.0,2,1.0,1.0,15.0,Informal conversation between neighbours at Ethan's house,Narratives_Quotations
Miami,46363.0,2,3.0,3.0,10.0,Informal conversation between neighbours at Ethan's house,Casual_EverydayTalk
Miami,46369.0,2,1.0,1.0,6.0,Informal conversation between neighbours at Ethan's house,Casual_EverydayTalk
Miami,46371.0,2,8.0,8.0,10.0,Informal conversation between neighbours at Ethan's house,Casual_EverydayTalk
Miami,46383.0,6,1.6666666666666667,1.0,8.0,Informal conversation between neighbours at Ethan's house,Narratives_Quotations
Miami,46384.0,2,9.0,9.0,11.0,Informal conversation between neighbours at Ethan's house,Casual_EverydayTalk
Miami,46424.0,6,2.6666666666666665,2.0,10.0,Informal conversation between neighbours at Ethan's house,Narratives_Quotations
Miami,46433.0,2,8.0,8.0,10.0,Informal conversation between neighbours at Ethan's house,Casual_EverydayTalk
Miami,46434.0,4,1.0,1.0,5.0,Informal conversation between neighbours at Ethan's house,Casual_EverydayTalk
Miami,46435.0,4,2.0,2.0,7.0,Informal conversation between neighbours at Ethan's house,Casual_EverydayTalk
Miami,46436.0,4,11.0,11.0,24.0,Informal conversation between neighbours at Ethan's house,Narratives_Quotations
Miami,46469.0,2,2.0,2.0,15.0,Informal conversation between neighbours at Ethan's house,Casual_EverydayTalk
Miami,46474.0,2,2.0,2.0,4.0,Informal conversation between neighbours at Ethan's house,Casual_EverydayTalk
Miami,46486.0,2,3.0,3.0,6.0,Informal conversation between neighbours at Ethan's house,ProperNouns_NamedEntities
Miami,46501.0,2,2.0,2.0,14.0,Informal conversation between neighbours at Ethan's house,ProperNouns_NamedEntities
Miami,46502.0,4,1.5,1.5,7.0,Informal conversation between neighbours at Ethan's house,ProperNouns_NamedEntities
Miami,46536.0,2,1.0,1.0,11.0,Informal conversation between neighbours at Ethan's house,Casual_EverydayTalk
Miami,46539.0,2,2.0,2.0,4.0,Informal conversation between neighbours at Ethan's house,Casual_EverydayTalk
Miami,46541.0,2,2.0,2.0,4.0,Informal conversation between neighbours at Ethan's house,Casual_EverydayTalk
Miami,46578.0,2,11.0,11.0,14.0,Informal conversation between neighbours at Ethan's house,Casual_EverydayTalk
Miami,46619.0,2,3.0,3.0,5.0,Informal conversation between neighbours at Ethan's house,Casual_EverydayTalk
Miami,46664.0,4,3.0,3.0,10.0,Informal conversation between neighbours at Ethan's house,Casual_EverydayTalk
Miami,46669.0,4,3.0,3.0,17.0,Informal conversation between neighbours at Ethan's house,Casual_EverydayTalk
Miami,46711.0,2,3.0,3.0,5.0,Informal conversation between neighbours at Ethan's house,Casual_EverydayTalk
Miami,46812.0,2,1.0,1.0,3.0,Informal conversation between neighbours at Ethan's house,Casual_EverydayTalk
Miami,46838.0,2,4.0,4.0,7.0,Informal conversation between neighbours at Ethan's house,Casual_EverydayTalk
Miami,46853.0,2,1.0,1.0,7.0,Informal conversation between neighbours at Ethan's house,Casual_EverydayTalk
Miami,46855.0,4,3.5,3.5,9.0,Informal conversation between neighbours at Ethan's house,Casual_EverydayTalk
Miami,46859.0,2,4.0,4.0,9.0,Informal conversation between neighbours at Ethan's house,Casual_EverydayTalk
Miami,46872.0,2,5.0,5.0,7.0,Informal conversation between neighbours at Ethan's house,Narratives_Quotations
Miami,46882.0,2,1.0,1.0,9.0,Informal conversation between neighbours at Ethan's house,Casual_EverydayTalk
Miami,46943.0,4,3.0,3.0,15.0,Informal conversation between neighbours at Ethan's house,Casual_EverydayTalk
Miami,46986.0,2,2.0,2.0,4.0,Informal conversation between neighbours at Ethan's house,Casual_EverydayTalk
Miami,47052.0,4,4.5,4.5,12.0,Informal conversation between neighbours at Ethan's house,Casual_EverydayTalk
Miami,47067.0,2,1.0,1.0,8.0,Informal conversation between neighbours at Ethan's house,Casual_EverydayTalk
Miami,47096.0,2,1.0,1.0,6.0,Informal conversation between neighbours at Ethan's house,Casual_EverydayTalk
Miami,47109.0,2,1.0,1.0,3.0,Informal conversation between neighbours at Ethan's house,Casual_EverydayTalk
Miami,47128.0,4,1.5,1.5,13.0,Informal conversation between neighbours at Ethan's house,Casual_EverydayTalk
Miami,47153.0,2,2.0,2.0,6.0,Informal conversation between a couple at their house,Narratives_Quotations
Miami,47154.0,2,7.0,7.0,9.0,Informal conversation between a couple at their house,Casual_EverydayTalk
Miami,47157.0,2,7.0,7.0,10.0,Informal conversation between a couple at their house,Narratives_Quotations
Miami,47389.0,2,2.0,2.0,5.0,Informal conversation between a couple at their house,Casual_EverydayTalk
Miami,47413.0,2,5.0,5.0,8.0,Informal conversation between a couple at their house,Casual_EverydayTalk
Miami,47414.0,2,6.0,6.0,8.0,Informal conversation between a couple at their house,Narratives_Quotations
Miami,47426.0,2,6.0,6.0,9.0,Informal conversation between a couple at their house,Casual_EverydayTalk
Miami,47427.0,2,2.0,2.0,4.0,Informal conversation between a couple at their house,Narratives_Quotations
Miami,47434.0,5,4.0,4.0,19.0,Informal conversation between a couple at their house,Education_YouthOrganizations
Miami,47443.0,2,9.0,9.0,16.0,Informal conversation between a couple at their house,Casual_EverydayTalk
Miami,47455.0,4,4.0,4.0,16.0,Informal conversation between a couple at their house,Education_YouthOrganizations
Miami,47458.0,2,12.0,12.0,14.0,Informal conversation between a couple at their house,Narratives_Quotations
Miami,47469.0,10,7.8,2.0,51.0,Informal conversation between a couple at their house,Narratives_Quotations
Miami,47483.0,4,6.5,6.5,17.0,Informal conversation between a couple at their house,Casual_EverydayTalk
Miami,47489.0,4,4.5,4.5,12.0,Informal conversation between a couple at their house,Narratives_Quotations
Miami,47491.0,6,8.0,4.0,29.0,Informal conversation between a couple at their house,Narratives_Quotations
Miami,47496.0,6,3.0,1.0,18.0,Informal conversation between a couple at their house,Narratives_Quotations
Miami,47498.0,2,17.0,17.0,21.0,Informal conversation between a couple at their house,Narratives_Quotations
Miami,47506.0,2,8.0,8.0,12.0,Informal conversation between a couple at their house,Narratives_Quotations
Miami,47507.0,2,1.0,1.0,4.0,Informal conversation between a couple at their house,Casual_EverydayTalk
Miami,47510.0,2,7.0,7.0,14.0,Informal conversation between a couple at their house,Narratives_Quotations
Miami,47513.0,6,4.333333333333333,4.0,15.0,Informal conversation between a couple at their house,Narratives_Quotations
Miami,47515.0,6,4.333333333333333,1.0,23.0,Informal conversation between a couple at their house,Narratives_Quotations
Miami,47516.0,4,7.0,7.0,19.0,Informal conversation between a couple at their house,Narratives_Quotations
Miami,47517.0,2,6.0,6.0,8.0,Informal conversation between a couple at their house,Casual_EverydayTalk
Miami,47518.0,2,3.0,3.0,5.0,Informal conversation between a couple at their house,Narratives_Quotations
Miami,47525.0,2,9.0,9.0,11.0,Informal conversation between a couple at their house,Narratives_Quotations
Miami,47537.0,8,4.25,4.0,25.0,Informal conversation between a couple at their house,Education_YouthOrganizations
Miami,47539.0,2,2.0,2.0,24.0,Informal conversation between a couple at their house,Casual_EverydayTalk
Miami,47540.0,2,10.0,10.0,12.0,Informal conversation between a couple at their house,Casual_EverydayTalk
Miami,47541.0,2,5.0,5.0,7.0,Informal conversation between a couple at their house,Casual_EverydayTalk
Miami,47543.0,2,3.0,3.0,14.0,Informal conversation between a couple at their house,Casual_EverydayTalk
Miami,47552.0,4,4.0,4.0,14.0,Informal conversation between a couple at their house,Casual_EverydayTalk
Miami,47557.0,2,5.0,5.0,9.0,Informal conversation between a couple at their house,Casual_EverydayTalk
Miami,47563.0,2,9.0,9.0,11.0,Informal conversation between a couple at their house,Education_YouthOrganizations
Miami,47593.0,6,4.666666666666667,3.0,16.0,Informal conversation between a couple at their house,Casual_EverydayTalk
Miami,47606.0,6,1.6666666666666667,1.0,8.0,Informal conversation between a couple at their house,Affect_Identity
Miami,47633.0,2,4.0,4.0,12.0,Informal conversation between a couple at their house,Narratives_Quotations
Miami,47662.0,4,3.5,3.5,14.0,Informal conversation between a couple at their house,Narratives_Quotations
Miami,47671.0,2,2.0,2.0,5.0,Informal conversation between a couple at their house,Casual_EverydayTalk
Miami,47674.0,2,16.0,16.0,21.0,Informal conversation between a couple at their house,Narratives_Quotations
Miami,47680.0,2,2.0,2.0,8.0,Informal conversation between a couple at their house,Casual_EverydayTalk
Miami,47709.0,4,5.5,5.5,15.0,Informal conversation between a couple at their house,Narratives_Quotations
Miami,47712.0,2,6.0,6.0,8.0,Informal conversation between a couple at their house,Casual_EverydayTalk
Miami,47713.0,2,13.0,13.0,19.0,Informal conversation between a couple at their house,Casual_EverydayTalk
Miami,47734.0,2,1.0,1.0,11.0,Informal conversation between a couple at their house,Casual_EverydayTalk
Miami,47738.0,2,1.0,1.0,7.0,Informal conversation between a couple at their house,Casual_EverydayTalk
Miami,47762.0,6,7.0,6.0,26.0,Informal conversation between a couple at their house,Narratives_Quotations
Miami,47763.0,2,11.0,11.0,17.0,Informal conversation between a couple at their house,Education_YouthOrganizations
Miami,47989.0,2,5.0,5.0,10.0,"MAR is in her office. In the first part of the recording she is handling some heavy boxes and binders and she is panting because of the effort. She is also talking to colleagues. In the second part of the recording, she stops for lunch and talks to a colleague throughout her lunch. She is eating while she is talking so at times her utterances are unclear because of the noises.",Office_Logistics
Miami,48018.0,4,2.0,2.0,6.0,"MAR is in her office. In the first part of the recording she is handling some heavy boxes and binders and she is panting because of the effort. She is also talking to colleagues. In the second part of the recording, she stops for lunch and talks to a colleague throughout her lunch. She is eating while she is talking so at times her utterances are unclear because of the noises.",Office_Logistics
Miami,48092.0,2,7.0,7.0,13.0,"MAR is in her office. In the first part of the recording she is handling some heavy boxes and binders and she is panting because of the effort. She is also talking to colleagues. In the second part of the recording, she stops for lunch and talks to a colleague throughout her lunch. She is eating while she is talking so at times her utterances are unclear because of the noises.",Casual_EverydayTalk
Miami,48115.0,2,3.0,3.0,6.0,"MAR is in her office. In the first part of the recording she is handling some heavy boxes and binders and she is panting because of the effort. She is also talking to colleagues. In the second part of the recording, she stops for lunch and talks to a colleague throughout her lunch. She is eating while she is talking so at times her utterances are unclear because of the noises.",Casual_EverydayTalk
Miami,48140.0,6,1.0,1.0,7.0,"MAR is in her office. In the first part of the recording she is handling some heavy boxes and binders and she is panting because of the effort. She is also talking to colleagues. In the second part of the recording, she stops for lunch and talks to a colleague throughout her lunch. She is eating while she is talking so at times her utterances are unclear because of the noises.",Office_Logistics
Miami,48143.0,14,1.5714285714285714,1.0,13.0,"MAR is in her office. In the first part of the recording she is handling some heavy boxes and binders and she is panting because of the effort. She is also talking to colleagues. In the second part of the recording, she stops for lunch and talks to a colleague throughout her lunch. She is eating while she is talking so at times her utterances are unclear because of the noises.",ProperNouns_NamedEntities
Miami,48144.0,8,1.25,1.0,11.0,"MAR is in her office. In the first part of the recording she is handling some heavy boxes and binders and she is panting because of the effort. She is also talking to colleagues. In the second part of the recording, she stops for lunch and talks to a colleague throughout her lunch. She is eating while she is talking so at times her utterances are unclear because of the noises.",Casual_EverydayTalk
Miami,48193.0,4,1.5,1.5,6.0,"MAR is in her office. In the first part of the recording she is handling some heavy boxes and binders and she is panting because of the effort. She is also talking to colleagues. In the second part of the recording, she stops for lunch and talks to a colleague throughout her lunch. She is eating while she is talking so at times her utterances are unclear because of the noises.",Casual_EverydayTalk
Miami,48209.0,2,7.0,7.0,12.0,"MAR is in her office. In the first part of the recording she is handling some heavy boxes and binders and she is panting because of the effort. She is also talking to colleagues. In the second part of the recording, she stops for lunch and talks to a colleague throughout her lunch. She is eating while she is talking so at times her utterances are unclear because of the noises.",Casual_EverydayTalk
Miami,48227.0,4,2.5,2.5,8.0,"MAR is in her office. In the first part of the recording she is handling some heavy boxes and binders and she is panting because of the effort. She is also talking to colleagues. In the second part of the recording, she stops for lunch and talks to a colleague throughout her lunch. She is eating while she is talking so at times her utterances are unclear because of the noises.",Office_Logistics
Miami,48253.0,2,1.0,1.0,3.0,"MAR is in her office. In the first part of the recording she is handling some heavy boxes and binders and she is panting because of the effort. She is also talking to colleagues. In the second part of the recording, she stops for lunch and talks to a colleague throughout her lunch. She is eating while she is talking so at times her utterances are unclear because of the noises.",Office_Logistics
Miami,48255.0,4,4.0,4.0,17.0,"MAR is in her office. In the first part of the recording she is handling some heavy boxes and binders and she is panting because of the effort. She is also talking to colleagues. In the second part of the recording, she stops for lunch and talks to a colleague throughout her lunch. She is eating while she is talking so at times her utterances are unclear because of the noises.",Casual_EverydayTalk
Miami,48258.0,2,1.0,1.0,10.0,"MAR is in her office. In the first part of the recording she is handling some heavy boxes and binders and she is panting because of the effort. She is also talking to colleagues. In the second part of the recording, she stops for lunch and talks to a colleague throughout her lunch. She is eating while she is talking so at times her utterances are unclear because of the noises.",Casual_EverydayTalk
Miami,48281.0,2,5.0,5.0,9.0,"MAR is in her office. In the first part of the recording she is handling some heavy boxes and binders and she is panting because of the effort. She is also talking to colleagues. In the second part of the recording, she stops for lunch and talks to a colleague throughout her lunch. She is eating while she is talking so at times her utterances are unclear because of the noises.",Casual_EverydayTalk
Miami,48299.0,6,4.333333333333333,2.0,29.0,"MAR is in her office. In the first part of the recording she is handling some heavy boxes and binders and she is panting because of the effort. She is also talking to colleagues. In the second part of the recording, she stops for lunch and talks to a colleague throughout her lunch. She is eating while she is talking so at times her utterances are unclear because of the noises.",Casual_EverydayTalk
Miami,48303.0,2,9.0,9.0,11.0,"MAR is in her office. In the first part of the recording she is handling some heavy boxes and binders and she is panting because of the effort. She is also talking to colleagues. In the second part of the recording, she stops for lunch and talks to a colleague throughout her lunch. She is eating while she is talking so at times her utterances are unclear because of the noises.",Casual_EverydayTalk
Miami,48309.0,2,1.0,1.0,4.0,"MAR is in her office. In the first part of the recording she is handling some heavy boxes and binders and she is panting because of the effort. She is also talking to colleagues. In the second part of the recording, she stops for lunch and talks to a colleague throughout her lunch. She is eating while she is talking so at times her utterances are unclear because of the noises.",Casual_EverydayTalk
Miami,48325.0,4,5.0,5.0,13.0,"MAR is in her office. In the first part of the recording she is handling some heavy boxes and binders and she is panting because of the effort. She is also talking to colleagues. In the second part of the recording, she stops for lunch and talks to a colleague throughout her lunch. She is eating while she is talking so at times her utterances are unclear because of the noises.",Casual_EverydayTalk
Miami,48370.0,2,9.0,9.0,15.0,"MAR is in her office. In the first part of the recording she is handling some heavy boxes and binders and she is panting because of the effort. She is also talking to colleagues. In the second part of the recording, she stops for lunch and talks to a colleague throughout her lunch. She is eating while she is talking so at times her utterances are unclear because of the noises.",Office_Logistics
Miami,48380.0,2,1.0,1.0,4.0,"MAR is in her office. In the first part of the recording she is handling some heavy boxes and binders and she is panting because of the effort. She is also talking to colleagues. In the second part of the recording, she stops for lunch and talks to a colleague throughout her lunch. She is eating while she is talking so at times her utterances are unclear because of the noises.",Casual_EverydayTalk
Miami,48402.0,2,9.0,9.0,10.0,"MAR is in her office. In the first part of the recording she is handling some heavy boxes and binders and she is panting because of the effort. She is also talking to colleagues. In the second part of the recording, she stops for lunch and talks to a colleague throughout her lunch. She is eating while she is talking so at times her utterances are unclear because of the noises.",Casual_EverydayTalk
Miami,48420.0,4,1.0,1.0,5.0,"MAR is in her office. In the first part of the recording she is handling some heavy boxes and binders and she is panting because of the effort. She is also talking to colleagues. In the second part of the recording, she stops for lunch and talks to a colleague throughout her lunch. She is eating while she is talking so at times her utterances are unclear because of the noises.",Office_Logistics
Miami,48441.0,4,2.5,2.5,10.0,"MAR is in her office. In the first part of the recording she is handling some heavy boxes and binders and she is panting because of the effort. She is also talking to colleagues. In the second part of the recording, she stops for lunch and talks to a colleague throughout her lunch. She is eating while she is talking so at times her utterances are unclear because of the noises.",ProperNouns_NamedEntities
Miami,48451.0,4,2.0,2.0,7.0,"MAR is in her office. In the first part of the recording she is handling some heavy boxes and binders and she is panting because of the effort. She is also talking to colleagues. In the second part of the recording, she stops for lunch and talks to a colleague throughout her lunch. She is eating while she is talking so at times her utterances are unclear because of the noises.",Workplace_Technical
Miami,48459.0,4,10.5,10.5,23.0,"MAR is in her office. In the first part of the recording she is handling some heavy boxes and binders and she is panting because of the effort. She is also talking to colleagues. In the second part of the recording, she stops for lunch and talks to a colleague throughout her lunch. She is eating while she is talking so at times her utterances are unclear because of the noises.",Narratives_Quotations
Miami,48474.0,2,7.0,7.0,12.0,"MAR is in her office. In the first part of the recording she is handling some heavy boxes and binders and she is panting because of the effort. She is also talking to colleagues. In the second part of the recording, she stops for lunch and talks to a colleague throughout her lunch. She is eating while she is talking so at times her utterances are unclear because of the noises.",Narratives_Quotations
Miami,48492.0,2,3.0,3.0,5.0,"MAR is in her office. In the first part of the recording she is handling some heavy boxes and binders and she is panting because of the effort. She is also talking to colleagues. In the second part of the recording, she stops for lunch and talks to a colleague throughout her lunch. She is eating while she is talking so at times her utterances are unclear because of the noises.",Affect_Identity
Miami,48575.0,8,2.0,1.5,12.0,Informal conversation between a couple at Florida International University,Casual_EverydayTalk
Miami,49075.0,2,1.0,1.0,5.0,Informal conversation between a couple at Florida International University,Casual_EverydayTalk
Miami,49082.0,2,1.0,1.0,7.0,Informal conversation between a couple at Florida International University,Casual_EverydayTalk
Miami,49083.0,2,1.0,1.0,7.0,Informal conversation between a couple at Florida International University,Narratives_Quotations
Miami,49367.0,2,4.0,4.0,7.0,Informal conversation between a couple at Florida International University,Casual_EverydayTalk
Miami,49373.0,2,4.0,4.0,12.0,Informal conversation between a couple at Florida International University,Casual_EverydayTalk
Miami,49396.0,2,2.0,2.0,7.0,Informal conversation between a couple at Florida International University,Casual_EverydayTalk
Miami,49400.0,2,2.0,2.0,14.0,Informal conversation between a couple at Florida International University,Affect_Identity
Miami,49430.0,2,7.0,7.0,11.0,Informal conversation between a couple at Florida International University,Architecture_Design
Miami,49432.0,2,2.0,2.0,8.0,Informal conversation between a couple at Florida International University,Casual_EverydayTalk
Miami,49439.0,4,5.0,5.0,12.0,Informal conversation between a couple at Florida International University,Casual_EverydayTalk
Miami,49551.0,2,1.0,1.0,6.0,Informal conversation between a couple at Florida International University,Affect_Identity
Miami,49620.0,2,1.0,1.0,18.0,"Informal conversation at Lily's house between Lily, who is pregnant, and her mother",Narratives_Quotations
Miami,49627.0,2,1.0,1.0,5.0,"Informal conversation at Lily's house between Lily, who is pregnant, and her mother",Casual_EverydayTalk
Miami,49632.0,2,1.0,1.0,12.0,"Informal conversation at Lily's house between Lily, who is pregnant, and her mother",Narratives_Quotations
Miami,49638.0,4,4.5,4.5,15.0,"Informal conversation at Lily's house between Lily, who is pregnant, and her mother",Casual_EverydayTalk
Miami,49650.0,8,2.75,2.5,18.0,"Informal conversation at Lily's house between Lily, who is pregnant, and her mother",Narratives_Quotations
Miami,49766.0,8,4.5,3.0,23.0,"Informal conversation at Lily's house between Lily, who is pregnant, and her mother",Architecture_Design
Miami,49890.0,2,7.0,7.0,9.0,"Informal conversation at Lily's house between Lily, who is pregnant, and her mother",Casual_EverydayTalk
Miami,50034.0,2,1.0,1.0,4.0,"Informal conversation at Lily's house between Lily, who is pregnant, and her mother",Casual_EverydayTalk
Miami,50037.0,2,1.0,1.0,4.0,"Informal conversation at Lily's house between Lily, who is pregnant, and her mother",Casual_EverydayTalk
Miami,50124.0,4,2.0,2.0,6.0,"Informal conversation at Lily's house between Lily, who is pregnant, and her mother",Casual_EverydayTalk
Miami,50130.0,2,3.0,3.0,5.0,"Informal conversation at Lily's house between Lily, who is pregnant, and her mother",ProperNouns_NamedEntities
Miami,50135.0,2,2.0,2.0,6.0,"Informal conversation at Lily's house between Lily, who is pregnant, and her mother",ProperNouns_NamedEntities
Miami,50148.0,2,2.0,2.0,6.0,"Informal conversation at Lily's house between Lily, who is pregnant, and her mother",Casual_EverydayTalk
Miami,50149.0,4,2.0,2.0,6.0,"Informal conversation at Lily's house between Lily, who is pregnant, and her mother",Casual_EverydayTalk
Miami,50151.0,2,1.0,1.0,13.0,"Informal conversation at Lily's house between Lily, who is pregnant, and her mother",Narratives_Quotations
Miami,50162.0,2,2.0,2.0,8.0,"Informal conversation at Lily's house between Lily, who is pregnant, and her mother",ProperNouns_NamedEntities
Miami,50225.0,2,1.0,1.0,3.0,"Informal conversation at Lily's house between Lily, who is pregnant, and her mother",Casual_EverydayTalk
Miami,50377.0,4,1.5,1.5,5.0,"Informal conversation at Lily's house between Lily, who is pregnant, and her mother",Casual_EverydayTalk
Miami,50508.0,2,1.0,1.0,5.0,"Informal conversation at Lily's house between Lily, who is pregnant, and her mother",Casual_EverydayTalk
Miami,50541.0,2,1.0,1.0,5.0,"Informal conversation at Lily's house between Lily, who is pregnant, and her mother",Casual_EverydayTalk
Miami,50544.0,6,3.0,3.0,11.0,"Informal conversation at Lily's house between Lily, who is pregnant, and her mother",Workplace_Technical
Miami,50594.0,2,10.0,10.0,13.0,"Informal conversation at Lily's house between Lily, who is pregnant, and her mother",Casual_EverydayTalk
Miami,50622.0,2,9.0,9.0,15.0,"Informal conversation at Lily's house between Lily, who is pregnant, and her mother",Casual_EverydayTalk
Miami,50628.0,2,3.0,3.0,7.0,"Informal conversation at Lily's house between Lily, who is pregnant, and her mother",Casual_EverydayTalk
Miami,50680.0,2,5.0,5.0,12.0,MAR is in her office talking to colleague.,Office_Logistics
Miami,50682.0,4,5.0,5.0,12.0,MAR is in her office talking to colleague.,Office_Logistics
Miami,50685.0,2,2.0,2.0,8.0,MAR is in her office talking to colleague.,Office_Logistics
Miami,50831.0,2,6.0,6.0,8.0,Conversation in MAR's office,Narratives_Quotations
Miami,50833.0,2,2.0,2.0,4.0,Conversation in MAR's office,Casual_EverydayTalk
Miami,50873.0,2,1.0,1.0,11.0,Conversation in MAR's office,Narratives_Quotations
Miami,50916.0,2,1.0,1.0,12.0,Conversation in MAR's office,Casual_EverydayTalk
Miami,50921.0,6,2.0,1.0,17.0,Conversation in MAR's office,Casual_EverydayTalk
Miami,51176.0,4,2.5,2.5,14.0,"MAR is in her office talking to colleagues. There are times when Maria is working and not taking part in the conversation, so there are long pauses where you can hear background voices and other noices.",Casual_EverydayTalk
Miami,51182.0,2,7.0,7.0,9.0,"MAR is in her office talking to colleagues. There are times when Maria is working and not taking part in the conversation, so there are long pauses where you can hear background voices and other noices.",Casual_EverydayTalk
Miami,51190.0,4,2.5,2.5,8.0,"MAR is in her office talking to colleagues. There are times when Maria is working and not taking part in the conversation, so there are long pauses where you can hear background voices and other noices.",Casual_EverydayTalk
Miami,51196.0,2,1.0,1.0,8.0,"MAR is in her office talking to colleagues. There are times when Maria is working and not taking part in the conversation, so there are long pauses where you can hear background voices and other noices.",Casual_EverydayTalk
Miami,51384.0,3,4.0,4.0,5.0,"MAR is in her office talking to colleagues. There are times when Maria is working and not taking part in the conversation, so there are long pauses where you can hear background voices and other noices.",Casual_EverydayTalk
Miami,51407.0,2,4.0,4.0,7.0,"MAR is in her office talking to colleagues. There are times when Maria is working and not taking part in the conversation, so there are long pauses where you can hear background voices and other noices.",Casual_EverydayTalk
Miami,51408.0,2,4.0,4.0,13.0,"MAR is in her office talking to colleagues. There are times when Maria is working and not taking part in the conversation, so there are long pauses where you can hear background voices and other noices.",Office_Logistics
Miami,51413.0,4,1.0,1.0,6.0,"MAR is in her office talking to colleagues. There are times when Maria is working and not taking part in the conversation, so there are long pauses where you can hear background voices and other noices.",Office_Logistics
Miami,51414.0,2,2.0,2.0,14.0,"MAR is in her office talking to colleagues. There are times when Maria is working and not taking part in the conversation, so there are long pauses where you can hear background voices and other noices.",Office_Logistics
Miami,51806.0,2,9.0,9.0,11.0,"MAR is in her office talking to colleagues. There are times when Maria is working and not taking part in the conversation, so there are long pauses where you can hear background voices and other noices.",Casual_EverydayTalk
Miami,51819.0,4,3.5,3.5,12.0,"MAR is in her office talking to colleagues. There are times when Maria is working and not taking part in the conversation, so there are long pauses where you can hear background voices and other noices.",Narratives_Quotations
Miami,51836.0,14,1.8571428571428572,1.0,17.0,"MAR is in her office talking to colleagues. There are times when Maria is working and not taking part in the conversation, so there are long pauses where you can hear background voices and other noices.",Narratives_Quotations
Miami,51842.0,4,2.0,2.0,7.0,"MAR is in her office talking to colleagues. There are times when Maria is working and not taking part in the conversation, so there are long pauses where you can hear background voices and other noices.",ProperNouns_NamedEntities
Miami,51845.0,6,1.0,1.0,9.0,"MAR is in her office talking to colleagues. There are times when Maria is working and not taking part in the conversation, so there are long pauses where you can hear background voices and other noices.",Casual_EverydayTalk
Miami,51852.0,2,3.0,3.0,7.0,"MAR is in her office talking to colleagues. There are times when Maria is working and not taking part in the conversation, so there are long pauses where you can hear background voices and other noices.",Casual_EverydayTalk
Miami,51856.0,2,1.0,1.0,7.0,"MAR is in her office talking to colleagues. There are times when Maria is working and not taking part in the conversation, so there are long pauses where you can hear background voices and other noices.",Casual_EverydayTalk
Miami,51858.0,2,6.0,6.0,9.0,"MAR is in her office talking to colleagues. There are times when Maria is working and not taking part in the conversation, so there are long pauses where you can hear background voices and other noices.",ProperNouns_NamedEntities
Miami,51859.0,6,4.666666666666667,6.0,18.0,"MAR is in her office talking to colleagues. There are times when Maria is working and not taking part in the conversation, so there are long pauses where you can hear background voices and other noices.",Narratives_Quotations
Miami,51860.0,4,2.5,2.5,7.0,"MAR is in her office talking to colleagues. There are times when Maria is working and not taking part in the conversation, so there are long pauses where you can hear background voices and other noices.",Casual_EverydayTalk
Miami,51863.0,6,2.3333333333333335,2.0,10.0,"MAR is in her office talking to colleagues. There are times when Maria is working and not taking part in the conversation, so there are long pauses where you can hear background voices and other noices.",Office_Logistics
Miami,51872.0,6,2.0,2.0,10.0,"MAR is in her office talking to colleagues. There are times when Maria is working and not taking part in the conversation, so there are long pauses where you can hear background voices and other noices.",Casual_EverydayTalk
Miami,51875.0,4,2.0,2.0,9.0,"MAR is in her office talking to colleagues. There are times when Maria is working and not taking part in the conversation, so there are long pauses where you can hear background voices and other noices.",Narratives_Quotations
Miami,51883.0,2,3.0,3.0,7.0,"MAR is in her office talking to colleagues. There are times when Maria is working and not taking part in the conversation, so there are long pauses where you can hear background voices and other noices.",Casual_EverydayTalk
Miami,51951.0,2,3.0,3.0,5.0,"MAR is in her office talking to colleagues. There are times when Maria is working and not taking part in the conversation, so there are long pauses where you can hear background voices and other noices.",Casual_EverydayTalk
Miami,51961.0,2,1.0,1.0,6.0,"MAR is in her office talking to colleagues. There are times when Maria is working and not taking part in the conversation, so there are long pauses where you can hear background voices and other noices.",Casual_EverydayTalk
Miami,51963.0,2,1.0,1.0,8.0,"MAR is in her office talking to colleagues. There are times when Maria is working and not taking part in the conversation, so there are long pauses where you can hear background voices and other noices.",Casual_EverydayTalk
Miami,51971.0,3,8.0,8.0,9.0,"MAR is in her office talking to colleagues. There are times when Maria is working and not taking part in the conversation, so there are long pauses where you can hear background voices and other noices.",Affect_Identity
Miami,51987.0,2,1.0,1.0,5.0,"MAR is in her office talking to colleagues. There are times when Maria is working and not taking part in the conversation, so there are long pauses where you can hear background voices and other noices.",Casual_EverydayTalk
Miami,51989.0,6,5.666666666666667,6.0,20.0,"MAR is in her office talking to colleagues. There are times when Maria is working and not taking part in the conversation, so there are long pauses where you can hear background voices and other noices.",Narratives_Quotations
Miami,51997.0,2,2.0,2.0,11.0,"MAR is in her office talking to colleagues. There are times when Maria is working and not taking part in the conversation, so there are long pauses where you can hear background voices and other noices.",Casual_EverydayTalk
